-- id,entity_type,entity_id,focus_keyword,notes,score
02261344-7724-4e94-8375-3a3868355b2c	shop-category	48724bab-4ffc-4279-adfa-c8469e9c10b2	office chairs		
6b4a02a1-6685-480d-bf00-3551d5d4b8b7	shop-category	04507a22-df1e-4d4c-848d-2f7b5add80ae	desk extensions		
e5775c45-1220-4dde-9d14-433ec64f082f	shop-category	7380a774-1b6c-41bd-a4d2-d2eb28d9623f	bar stools		
4ac55625-6320-4254-b72b-30ccb5c09925	shop-category	cbf5b637-8705-4d84-82b1-49100dc92ef2	office accessories		
da8d3d01-0b9a-47eb-a9be-d3e0cb08cae0	shop-category	3568041d-0241-4933-b018-e5242bc53db7	canteen chairs		
9ca86d99-631e-4c3f-aeba-7736f253463d	shop-category	12d48796-edd9-407c-85f0-3ec6a53b373a	task chairs		
2acfc51d-6dc2-4d2f-84aa-c2e411891f7a	shop-category	9488900d-658d-43bb-95e7-c3b6c1c07565	office desks		
c9f585c1-e424-487a-a368-23528e565333	shop-category	d09c840c-748c-4cd8-bc73-1e9e3e8adf5f	office tables		
59d3ad4d-66f7-42ea-a28d-1db537e6d4a6	shop-category	08221118-5613-4f8b-a2ee-0332fd92831d	office chair parts		
916477ec-4c0f-4099-8c1c-7f2903e64559	shop-category	2f1afed4-fc81-4228-9293-9da06f3c745e	ergonomic office chairs		
008522fa-0f75-479e-a8f7-f463194ad738	shop-category	07764ecf-a348-40f9-aee4-c331bd636271	office bookcases		
6adc15ff-392e-4854-a5e5-4112178cd7f4	shop-category	63ad6381-6869-426d-814e-1d5127e44c34	office storage		
cf9e0a23-b563-4717-a066-20170ec11200	shop-category	49169f49-526d-4198-9f27-94c85ee2789f	staff lockers		
b97147e6-a97e-439b-a71d-e82b99fc154c	shop-category	a0940ad7-e1f8-4de7-bda4-4767f1f78e6a	office safes		
59fe5639-ca86-4f46-933e-19d5c115fe28	core-page	cmrm53aa20001lb04s4il4drb			70
f6d2c3bc-daed-46bd-8e5d-2e1993d38b0f	shop-product	b67ae858-940e-4ca3-9b70-d03273373107	height adjustable office desk		93
39078a49-41b6-478f-9099-fd15527f1b40	shop-product	7d0dbc67-b40c-47f3-9a4c-3105858297cb	high back executive cantilever visitor chair		89
9affb15e-d566-44f1-8f85-a061567ec655	shop-category	dcc12dcc-4cef-4a16-ab6e-9c6cf56ebb9b	office pods		
4f7e2463-015b-4b4e-b009-a37a18c34dbb	core-page	cmre0g7vc0006ld045zic6hmo	office furniture		75
f5353de0-8578-4d4c-b786-2b0f4b03e477	shop-category	768564c1-004e-49f1-9ca6-89849fe31fa5	executive office chairs		
2c5234da-53d0-42c0-b800-277a775fc544	shop-category	6aaa4758-edd7-4c47-9a48-10d2f9cdbacd	monitor arms		
bc73a36a-5a0c-4073-acdb-fbe589ac65ef	shop-category	86e9a4ec-ddcb-419b-9971-e6883380bbab	modular seating		
d8d9610a-4ccf-46dd-adb6-8256803d140a	shop-category	d1e44360-8453-4581-9e7c-1e998ba91dcc	mesh office chairs		
53b79ec6-c5cd-4b5c-a408-bf99fba521a3	core-page	staging-home-2026-08-19	office furniture		
1b7dc06e-6195-4a0b-956b-ec8c1e6609b0	shop-category	3b1de790-ed1c-4ebb-b80e-0522158ffeda	desk screens		
e712d3a5-e11a-41ea-92c6-03be3c9d2af4	shop-category	63facafd-aeed-4202-ae53-3887c324a950	rectangular office desks		
5c577192-c8de-4520-a568-1fb7eee4d29c	shop-category	7504e6ee-16ec-4780-b6b0-46d9305ebbfb	24 hour office chairs		
c814c309-b45e-4db3-a932-817d5453fe68	shop-category	918c3f0e-399e-49ca-aa19-93774d38ea6e	acoustic panels		
823bf1ab-93c8-484c-9a93-0f2ffd7c82e7	shop-category	455dd4f8-54f4-47ec-b336-02cc0799b0c0	storage accessories		
9f07ba04-383a-4758-931b-6cd03f138c93	shop-category	2c131550-e4ae-487e-a43e-862c6ef5f37e	key cabinets		
9659c928-d15b-4812-ad04-52cb86d5f841	shop-category	8fb00831-4911-470f-8fec-195c97cff64c	boardroom tables		
12fd392f-ff27-476b-b952-bdf9d5dba097	shop-category	402464c2-fa03-4450-9330-93e02a4f3bf2	draughtsman chairs		
2dc4ce94-6d62-4c9b-a071-b904cedc7e71	shop-category	d8d9b986-941f-40ad-a32b-9d02012c048e	cable management		
e9dc7702-b06e-4c30-bd73-95dbdc23cc95	shop-category	8a430a72-02dd-455c-b002-d044d8b6d0fa	corner desks		
7351dd42-755a-4dbb-9b25-b4f6a2d78035	shop-category	dffa9916-58af-4b09-8fa9-0ea04f464a28	conference chairs		
ee3deb4c-8f5d-4426-bc90-0d648ce3fae0	shop-category	f4075b68-0df2-4e7d-b20a-b5c9e9ea853c	desk power modules		
6022b2ce-d06e-4f16-ba3f-524c37ad1256	shop-category	408ca099-bc18-402b-8563-7cdb96b98e9b	standing desks		
4c3e62eb-5101-44a7-917f-301b6f2b2a5b	shop-category	9fc0507f-d884-443f-9006-6e6d3e7f2c14	office chair mats		
52c2bbe7-cb16-4ac3-bab1-a5a05499ec59	shop-category	9c4918a7-4129-41ec-a907-8f140e6b944d	visitor chairs		
3d7daf64-d57b-4186-92a9-64fcb4644608	shop-category	5d53ab61-6f20-45f3-8a41-3aeb06da24b2	bench desks		
5017c6ce-4d6e-4cb1-b543-522a8ab36ff0	shop-category	d6a10a12-6c77-47a2-a2b4-c1d7f0a0d95e	training room tables		
5ff177b4-4f66-44b0-91f1-be229ea13289	shop-category	b029426f-c848-44d8-8668-199a5185f1c5	folding tables		
80d8217c-5d65-4bc5-a84e-0c5998f5cd55	shop-category	e51b8568-3e53-4ef6-a140-8abe398753e8	bar height tables		
fd139536-c814-4155-846b-f8ebca21df27	shop-category	66fde441-9a42-4648-9ee0-748d95b7f9fa	whiteboards		
e0f324c0-2474-46fc-b169-b0d8a20fc8b2	shop-category	704315c1-1014-4a51-b248-a54cad8ec92e	filing cabinets		
d3ecc8b4-311f-423a-bfe3-bc92a9539efa	shop-category	2bd38b7f-fd18-4413-b878-2906a0e3805d	cantilever chairs		
06820a8c-2154-4d56-a0a4-d2dcb41d98e2	shop-category	1c9c5008-47db-486c-af04-35f57fbc4d72	office pedestals		
f8ec52c6-815d-47b5-a2c4-84b9cec212e8	shop-category	2e1284ab-5d53-45dc-8f53-daf196d7e54a	stacking chairs		
07f7a356-9c8f-46ba-af3e-4bd20d45bd2c	shop-category	7be9b6cb-f5ef-46eb-994d-b66543f813b3	office cupboards		
17ed3fba-bb08-42a8-ac10-1e31621ac3ea	shop-category	d480b7ca-2978-4457-93bb-ff17f084e633	breakout tables		
1046aac2-93a4-47a0-b336-a4c52e72dc98	shop-category	b65bd783-eb96-4bd2-86c1-ac8618e774b8	coffee tables		
d19814d5-a879-418c-8ad5-f2503173499a	shop-category	e6dbefa8-7b1c-4fa6-8ae2-396fb6a2eb26	bistro tables		
5dfa890c-21af-4ba1-a704-6a1f71e5c582	shop-category	8598dc1f-ca4b-416a-bbed-66d0685838bc	soft seating		
c28a5c54-87cb-402d-9d41-e6b1378c4c62	shop-product	f7625222-87f6-4a22-a2c5-7e4c4ad20a2c	bench desk divider screen		93
3d9ac224-785c-44a0-a1f9-2c2c0a3d4b72	shop-product	f4d3e8d7-d63a-4406-8580-1153a2cb5fe1	cable managed crescent corner office desk		89
d0792108-9372-46d7-9231-1111a0d68915	shop-product	43d37bd3-2992-40db-89dc-1c597fa2a021	bench desk with black straight screen		77
e96bab2e-9da1-4896-9ed4-0f52e3744e8c	shop-product	856cde2d-c27d-47ae-80eb-14cd582cd883	2 lever medium back task operator chair		89
cf3e3bad-239d-4dae-a706-682f833125a9	shop-product	dc9bfec5-4262-48b9-80cf-54bd5ac7e9f4	electric sit-stand height adjustable desk frame		89
c961af81-6fb6-4d53-8297-13c3baf172a3	shop-product	c5ee85de-b277-4e56-a842-40a890f36c36	desk screen clamps		93
c6511436-1207-491f-9939-4350c0454460	shop-product	9cd52a32-77ee-46fc-a59b-abdda0029657	medium mesh back operator chair		89
0a5b57e7-c51e-4df7-a81b-ec754a94c2dd	shop-product	24e7d7c0-054f-41f7-835b-90e7cc757659	stackable cantilever visitor chair		89
4419c321-621a-49c3-9d08-df4f83cc3f48	shop-product	cb9e6dba-92ad-4e3e-b925-8b0b9702c00c	milan inspired high back executive chair		86
046fd799-e3a0-438d-8f08-a8cd31003f81	shop-product	12c17a4b-589b-4a88-a3e0-49e9761897b7	self-balancing posture stool		89
937165c3-923d-4afb-acc2-8ca5f73d9244	shop-product	fad5bf25-3451-43d8-8a19-7dfe509c334e	height adjustable office chair arms		93
89ae2c86-57fa-4a41-a01d-f6e930302505	shop-product	b02f586d-67f0-4a11-95d6-90a4c6c93128	high back ergonomic posture chair		86
3e155d67-af36-4a9e-95a8-442bd281fbf2	shop-product	7b919f78-b89e-47b2-87b2-80060dc02efb	5 star office chair base		93
28b02032-0c44-4e51-88a4-6e36677b4800	shop-product	092ea664-0423-4c43-bc95-28917d512ecc	l-shaped corner sofa		89
e837c8d4-4a76-43fe-a8e3-d8d0a89319b0	shop-product	a47da986-9070-4879-b659-c075adee77fd	d-end boardroom meeting table		89
4a9bd22a-d5e3-4725-a3ed-9ad104e2b371	shop-product	05e71154-da9d-4720-9b44-8e4ccf3c69ed	medium back stacking visitor chair		89
435d94b2-dd90-4b65-aaba-ae3d8d0aeaa1	shop-product	fe788c9d-1b4e-45fa-8e59-c0b4f04e8cb7	panel end scalloped desk with storage		89
f426928f-7f85-47ce-8f20-06c42fc5605d	shop-product	2d4f8f65-c6c3-4ba6-a359-7f2b89b2b30e	curved modular soft seating stool		93
fd00dba2-900c-4232-9934-6a993f13517e	shop-product	b284ed5d-6775-4789-af04-6d092d739b9b	round poseur bar table with cross base		89
02dfdbc2-f8cd-4af5-ab77-b203b9259623	shop-product	8023e2c6-62c6-4ea8-85ec-33fc0a96d8e6	cream bouclé footstool		82
d1179ca9-0a5b-46c0-8796-8beb4298d3dd	shop-product	f89b1ccb-4423-4ca6-bafc-e0ace3bf86a8	timber frame fabric visitor chair		93
8379eb11-9513-42d8-9731-1e2a2db329fa	shop-product	451a3469-d5ef-4910-a352-fca2a7c5efaf	cream bouclé curved office sofa		89
792cb81f-f7db-4f13-a482-13cc7f0a6733	core-page	cmrm4vuoe0001jl04rhtaumu5			65
eb522d2a-9fd7-45bf-9ae3-f64bc96de842	core-page	cmrgr8b0l0007l704vddkzioq			75
f2ce29c4-0633-4c43-9c18-7d8def2f0183	core-page	cmrjuc4e60001la04dri5h2if			75
8c84b9e6-8cb7-41a1-a8b1-6bb890606ff1	core-page	c3slmu9u1epbi9ajq5fncv0vs			75
d6e1f4f7-6e90-4e27-beb0-74a2759a42c6	core-page	cdj449v9i4bkh4qhy69dutqzk			75
f58680bc-5a73-47fe-b16c-567c57b7897e	core-page	cmrjisrh60001l4047y31d5gx			75
afdcd7c8-4ce0-462a-b50d-5095b063136d	core-page	c9tbvokh095fxjdt1yfdpus5c			75
2d9fe868-0383-4601-bae0-4efba0195136	core-page	cmrjhpcro0001rnc07olbjsie			75
90cda847-7ac3-4fff-bd79-7fc98e7b367c	gazette-post	838136ca-113d-4948-a821-0d16c505259b			88
e6e846c9-6e3e-40de-891a-26e33e10616d	gazette-post	8c2e9a01-dfa8-44fa-9d25-d61a12d31466			88
9420f305-236d-402d-9035-27ecfd40cf88	gazette-post	17336852-aaa3-44c4-8871-a8b3dafc24df			88
037fd099-f8c3-4e23-9686-e5de54730ad0	shop-product	2f8f9693-eb07-47fa-a20c-94d334c9c888	black executive office chair		82
3ed9b4d7-ead4-4679-b4de-23ee577c861c	gazette-post	323ab43c-1031-48b2-b742-0e38814eb8b3			88
b0a433bd-9767-47bd-ba13-d926e064f7f5	gazette-post	25640cc9-7725-410b-b9ba-c774f90f1e9c			88
b6e3e4df-4247-4b02-af85-3f16509e162b	gazette-post	c540a3e5-6212-4655-8517-be8819f4dcf6			88
7cfcce61-7f01-4d43-a779-c6977e72a4b0	gazette-post	582fb3fe-db1e-4a4e-b1ac-98ef8a611750			83
d36de905-d295-4f6e-b9b7-c71217c6adde	shop-product	33265b6c-0214-46e6-b626-759dca80688f	mesh back task operator office chair		82
2e7bad5e-ef0c-483f-86ad-1f284c537d79	gazette-post	8f26dab0-36b9-4ce7-873d-ecb303c2e619			88
5aba2e1d-2bde-42cd-89e0-e549fc3e3923	gazette-post	65fda91b-1e2d-4982-b064-e9de029e2025			88
e527767d-0d7f-4f19-b2be-274fb2b64634	gazette-post	f67b3dba-c226-4ee8-8d1f-09ffae5c2adc			88
ed5ff8db-5665-46a9-9b34-b035a835f47d	gazette-post	5bd3923e-ba2c-4827-b6c6-6f0fe984cd89			83
7ea4abab-a427-4130-8b5a-0be1c54e0339	gazette-post	b06921dd-aaee-4f77-819a-5ba3339632b1			88
e5159c98-ab79-4965-b6c4-217ecea7e01d	gazette-post	db6fcee4-c085-432f-8039-d9d6e4bd3bfa			88
b26428a3-7270-4f4c-9aec-cc5a8ccf5c64	gazette-post	4507969d-f8bc-41d3-93ff-17f0b33d562e			88
30204660-4d1a-4324-902c-92a0cb315c33	gazette-post	a39b82ff-e3da-4661-a1cd-8ea7b513e936			83
febe236d-9db3-4a41-aa19-f7286b795e24	gazette-post	49c11d91-6211-4353-8ddd-efa9a7cd41a2			88
40796370-5ef1-45f7-84db-c35594ba45c1	gazette-post	85e64bba-0e87-47b1-bf31-c68202f1139e			83
ac6e1e49-d043-4eaf-9f5f-cda508812844	gazette-post	72b93feb-ab2a-4e8a-9cf3-79891c5f4899			88
30804265-2d2c-4e88-9580-726d13596dc0	gazette-post	3e899a57-3b93-4ef1-b047-5a04aa5e27e6			83
3e046ed8-6d1e-4e16-ab52-b6f5625bd530	gazette-post	b746f437-137a-48b6-a843-4e12c2dde9dc			88
168d9b75-6c91-40fe-830f-0b567da3bada	gazette-post	f8f73cf5-7c61-4506-9845-2a9d2b7ff46c			88
f2fbd077-ddbe-4760-9cc7-c20a1e788fe6	gazette-post	d89bc775-e5b2-4bd8-a5ae-75dae8cb1363			83
dfb1e131-b0a5-46e1-b514-e0a5cd86ee92	shop-product	1ff8fe9e-ec0d-4406-b01e-3670d8f8f1e9	tripod projection screen		93
71e8edf6-a69f-4bd8-b46d-65c7408f19db	shop-product	0bf1f37b-51e4-44bc-bffe-895fba6ef064	felt pin board		89
e5ca1400-6e86-4c2b-b8ea-6c20e9f0b0d4	shop-product	3a4e67c6-d59c-4a2f-84a2-e25ddb98ea3e	cantilever scalloped desk with storage		89
0ffcef54-bae4-470d-b2a2-6fdf40bfea8d	shop-product	2cef94ed-7898-4b20-81bf-75ee710e7725	dry wipe whiteboard		93
1e007603-da93-4814-bbb6-12208d99f48c	shop-product	3e51d6ef-33fc-4c2a-a962-6a3e45329bd7	cantilever office desk with storage		89
c66ac689-30de-453a-9c09-e183b8ab604a	shop-product	4dfb0574-a441-4604-b25c-dfd4f0e89496	cork pin board		89
a8470919-563a-4ca5-b57e-3b7d4f43c7ec	shop-product	65d9a6f3-ec93-408a-835a-2bedab9809d9	cantilever rectangular office desk		93
5b7425c2-2913-4d69-9a36-f751420a3aea	shop-product	ddcd7899-ef1c-45bd-a80d-bfc17000e795	whiteboard starter set		89
d6c8f6f2-4722-46b2-8e3f-228b491f3b1b	shop-product	85f8df5b-e52b-4b7f-9340-5d53275b8bed	cable managed scalloped office desk		89
1722a159-dd88-48b6-a3b0-21235c7d6272	shop-product	6740b475-53f9-4e46-8a58-5a1353909e9b	outdoor aluminium snap frame		89
e6ee80ad-59d5-4067-8144-e7bf20350691	shop-product	2ec6862e-cd4c-45ed-8e21-0014e6640b8f	scalloped cable managed desk with storage		86
6b7d2ef3-93c4-49bd-aba1-1f5c94542bad	shop-product	9382bc57-c690-4430-aeee-8b3df075590e	triple locking staff locker		89
d2f9553d-b2de-4f59-b985-1794d13bbda1	shop-product	de4bd967-e1be-4a85-a9e1-29fbbcc97f9f	melamine whiteboard		89
8b4b45bc-bdcb-4960-b0a8-3abd1b5357bd	shop-product	3beb058c-e98f-441e-a00a-ceff65a74cc7	under counter safe		89
a069d4c8-58c0-446e-8ecd-05f2ae681c3f	shop-product	02a4bc50-1698-4f08-857c-627d574f2f10	curved mesh back straight leg visitor chair		93
89e59671-95e1-44f3-9315-706b90ff5e85	shop-product	e879173a-770b-425a-9c3e-1175384d18e5	sled base office reception chair		93
ce977fd9-0035-4807-9edf-63630e6f4de4	shop-product	cc47575e-e848-4d53-a98e-71ecff325753	cable managed office desk with storage		89
814269d4-87c4-4caa-8af0-9b8569b0a663	shop-product	a53d76ba-4461-4aa4-8208-bd444d0b0ad5	mesh back straight leg visitor chair		89
d4a968f2-bb67-4781-ba1b-3ccdc1ce55b3	shop-product	db26979b-03fb-4779-8792-6130b83f29b5	rectangular poseur table with white frame		89
a7adf0e6-2443-498c-abf5-a83c7fbb0cf3	shop-product	c95533dc-95b4-45a2-a1bd-69dde95c1e5b	mesh back stacking visitor chair		93
59063a03-de2b-4c49-b324-0cd5f557eb11	shop-product	1262d2a7-ed19-4d0e-a8f6-dd8a0a1ea3ea	rectangular poseur table with silver frame		89
acc67ae4-56fe-444d-9da7-cad4665f556e	shop-product	bb4b1565-7175-4ab6-a029-3acddd5d551c	rectangular poseur table with black frame		89
027ac716-4df8-481b-a6f8-334cf955473f	shop-product	0f4d5a28-425a-41ce-a980-b8548ca82be1	day grid magnetic whiteboard		89
f6e1131f-a913-487c-a0b1-6617363ae8c4	shop-product	c634752b-c22d-4367-96ed-ab3a2085ffb8	front loading security safe		89
d32419f6-b2dc-47cb-8902-320aef6defd7	shop-product	999805e0-42f9-41fe-b72b-5a43cf04de6c	cable managed rectangular office desk		93
2a614d7a-3722-46e5-b1eb-c7746b4f5f21	shop-product	f1667dd7-f74a-4bc9-9201-3b03f227cca0	lounge chair footstool		93
aaa36058-fa93-433f-8cd4-4ec601a1f61c	shop-product	8310dddf-e5b0-4cf1-a488-6b22498d4096	white frame privacy booth		89
1df2a2da-8b31-46a1-9c95-36556fb4523c	shop-product	107b5b37-c0c0-4ff0-bafb-957ada73ddaf	magnetic glass whiteboard		89
e2a23740-c6fe-4c0a-8f87-2e7843341a4f	shop-product	b2bc7f01-8937-4163-9f3e-63c587fc273a	cashmere swivel lounge chair		89
e430241b-a4b2-4772-88db-03b70e5bbe61	shop-product	84b00ae5-d66c-4644-b9ee-882473c3b314	rotating office desk		89
2724d01d-6b62-40d9-924b-5b8f2ab32a27	shop-product	29fae957-c931-4fa4-88e5-dd045c5dc345	bench booth with table		93
20a03b04-75d4-4fee-ab66-478cac9edfc3	shop-product	68fcd4e6-732c-431a-9b58-b5f09841511c	3 seater office sofa		93
d9b868ac-7b9b-46d1-bf4a-e8f54a2f55c0	shop-product	4e485001-60d3-46b3-883f-0fd82d2ea654	modular training room table		89
8627a0f1-1ecc-4f3e-b95a-cc309317bad2	shop-product	2c442501-c161-408d-9f4b-8e420cd1d195	dark oak rectangular office desk		86
56255256-704b-4f1d-bbcf-ae8908348b39	shop-product	751fffb9-5bfa-4210-b222-eda3139ad731	wooden frame fabric visitor chair		89
18c00f46-8d46-4fea-b694-83cf27c7175d	shop-product	4a38f801-7f1c-4910-85b9-a6de74e2252b	enclosed acoustic office privacy booth		93
16150264-693d-43d7-ba9a-c49368be8bcc	shop-product	727c3207-b105-4043-b908-d389240dfbaf	white shell visitor chair		86
6c840a5f-76ee-4013-a412-75322d898e19	shop-product	43d64979-bb04-41e7-b185-c22f19cefb48	sled frame white shell visitor chair		89
46db1797-b84a-4329-a668-3c268dfb1192	shop-product	07a83e6f-b42e-450b-9bc1-f8911b5cfc78	soft seating armchair		89
3c1e98fc-0072-42ef-876d-0c33ab46eb4f	shop-product	193579e4-8526-4e64-af6a-2f78727e0f48	cream bouclé swivel accent chair		89
af4b09af-168e-46cc-be5b-07c9f1b7f20a	shop-product	10159460-c55d-40f7-a02b-ba8dcdc97965	white shell stacking visitor chair		93
e4090fe5-b272-4179-97fe-ebc21b947f90	shop-product	5d29e4ca-043a-4efb-b6fb-24140a99d9a8	black reception tub sofa		89
61575784-0a8e-4667-9c9b-a3008812ea4a	shop-product	b4dc4006-b360-4841-8ad6-74baeb048e8f	black reception tub chair		89
3d1a1b24-d886-4fa4-963e-734cb3aa0a12	shop-product	e9cc015e-eebd-44c0-b1e1-e69c979a61d5	trapezium mobile training table		89
539b03e1-dd8c-4a81-a4f5-c0a0c9c85df7	shop-product	9147ece3-c68e-4581-b98d-52e01db1fc2a	black frame privacy booth		89
97987b41-72b8-4483-af9b-1b24d040ab87	shop-product	c3b3f58a-00bf-4990-8290-45d49c80e1ec	roll out suspended filing frame		93
712a5ac4-c66c-4e84-8b4d-f0f3e8eac7f5	shop-product	fc9ccedc-bf41-4b5f-979d-51de4b31eb3e	2 and 3 seater office sofa		93
dcb82c6a-04c1-468a-99f2-b7c4877438e3	shop-product	4f5d3852-2b83-4b76-835e-cb85249fc9bf	bisley roll out reference shelf		93
f7849574-d81b-45bc-b783-0ff1b6024ea8	shop-product	32e805f8-ac61-4dd9-9d06-5653db360241	straight training room meeting table		89
bfed10e0-7f94-4476-9a55-fbfb8604dc23	shop-product	34c781b4-44d1-4814-a472-54329904a9f9	acoustic office privacy bench booth		93
fbd3ec1f-b3db-440e-9fce-22a1c3841f16	shop-product	2e10f44e-d095-43f4-b334-9c23cee67d67	forest green accent chair		89
ba24e43c-5366-4362-8a6d-0d36a4d653d5	shop-product	0a84100b-e79c-41f8-a48b-8b9b112ddd66	curved bouclé office sofa		89
f1003d8b-8068-4d7a-8f84-836b7c3233f5	shop-product	7b355f0c-c2db-468b-b727-a9fa816d093e	mobile training table on castors		89
df5ccc0a-c385-4b8a-a52a-444ce85bda7e	shop-product	9a784fd3-a430-4bbb-9603-0883fae0befa	open office privacy booth		93
0fe5111c-b7a7-44f5-bc93-15daaef51de3	shop-product	6eb18f86-61c0-4556-b185-1a7058ea616d	bisley a4 lateral filing frame		93
f009b534-7798-4018-b716-6aee9a1ae13f	shop-product	2908b5b4-16d6-404d-a323-fddb974f6687	pink velvet office accent armchair		93
4c050774-6c5e-4d91-992b-2ecf19a20d23	shop-product	53ab750d-69d5-4671-af79-0093897cf406	curved back office lounge armchair		93
563866a9-65e2-4dd9-96f5-6f7cd7e36c25	shop-product	c5b904fc-ceb5-46ff-8b9b-c9ec83e6eb24	home and office security safe		93
3e95a15e-8227-4860-af04-9a6bfc72d6ea	shop-product	936c51e6-a42d-4a92-abc3-a6e432c06900	2 seater curved office sofa		93
a199e880-040e-4b1f-b74f-c6ef6891387f	shop-product	021a1109-ec82-444c-b8fc-c7c050a188c3	folding office training chair		89
3b3108de-4408-4ce3-b6e4-10cd34af181e	shop-product	c20910b6-c58a-4c90-90c6-25ba37c10b6c	steel mobile under desk pedestal		93
7ab96f86-452d-4325-941c-501224b89001	shop-product	3e5636d4-4772-44cd-abae-a7c26d7427d3	semi-circle training room meeting table		89
fd42ffc3-973d-42a8-a301-1c591af526a3	shop-product	e8415296-3bda-4f35-9edb-1276dbe9cff2	deposit slot home and office safe		89
13333374-d547-4179-a596-268743125ac3	shop-product	1502dd91-d4b5-4f45-b21c-eaa8f4d35143	suspended filing frame		93
38ff0aa5-5a91-4dd6-8d87-12778882db0b	shop-product	940320b5-c36a-429b-80aa-7e4921c7dd99	stacking visitor chair with arms		89
c183499f-26e9-4eac-a481-1d4ca199bec4	shop-product	69e7b65b-48c6-40ce-b95b-8732f111ef3a	bonded leather chrome visitor chair		89
d49740e2-ffdc-4707-9be4-581842b91436	shop-product	a6daf054-b22a-4c4d-8902-c248c13fe32f	heavy duty stacking visitor office chair		89
a4d59631-5f0c-4b86-bcbb-a3b6aff8b2b5	shop-product	29aaa816-e100-4941-a6b8-15dea8912965	3 drawer office pedestal		89
b0ce2e00-0c59-47ef-8f99-6a7e8e349333	shop-product	d576c709-3cbd-4d69-9c40-bd7ec4e69c63	under counter note deposit retail safe		89
65fd16ab-126b-4f5b-a11e-dfd826ee8eca	shop-product	3acced01-420f-4a22-bb55-b8a8a94d19ee	bonded leather sofa chair		86
572e76a2-d027-4705-acf5-653e2e630b8b	shop-product	9b3d91e4-3891-4b69-aa74-21865209756d	modular cube chair		89
d3729b1e-13cc-4387-bfc4-e204255e6f40	shop-product	4e488193-836d-4535-99d7-2ee9a718cad3	semi-circle mobile training table		89
d13c40f9-3dbf-4c55-9fdb-72b7e333bd7e	shop-product	e39a8053-fee2-438f-ac01-3b587869097a	roll out reference shelf		93
947bed18-f861-4708-9d6a-1de90687f35a	shop-product	faf32fd5-7ab5-4bd9-b297-74c8ad01faf6	modular corner sofa unit		93
54056e02-05f1-42a7-bc3a-23c163a1d210	shop-product	1ac6bad5-f6a7-4e49-a0fe-5055ec095814	one drawer fixed under desk pedestal		93
1223ed12-ddc8-4e22-93da-470d258ca4d5	shop-product	1564bb1d-7056-42ea-9fc4-275e17f8fc70	fireproof home office safe		89
57a3642a-5f43-4a3a-affe-e65439b1bd62	shop-product	972e3e04-1129-48f0-b94a-7e874397b6db	steel storage shelf		93
ad6765f4-aa69-48db-8b14-b6d753a2f045	shop-product	762c5d37-ac5d-49a5-bb5f-6e1dcd596ff6	mobile under desk pedestal		93
942c216e-1ea7-48d6-b7a1-1d12ed84d8d1	shop-product	e432fb58-2559-49e7-85d3-0d199fb7173c	police approved gun safe		93
a7b421c8-cb86-45e2-a14c-fb7a12156859	shop-product	012eb899-b518-4f13-9ab3-8f8f91ace359	panel end scalloped rectangular desk		89
dd80a09c-c7cc-4089-b7f7-e7b4a73e4990	shop-product	e1c83830-7152-4e9d-8137-b16ad3da1f47	a4 lateral filing frame		93
20b6137f-158e-460a-9161-e170f02b93eb	shop-product	1341bd03-c1dd-4e94-a787-ea3cfa914624	square reception soft seating stool		93
266559f4-755d-4e6d-8e93-72c50454be60	shop-product	63cc30aa-4047-4a68-a2fe-3cee04fc9cca	fixed under desk pedestal		93
fa080888-0b62-4486-9a89-3dc3e2e5fb71	shop-product	cf1e3764-ccf2-4b08-bc6c-ce22ffd9e9f0	jcq exam paper security safe		89
43abb68d-1f7f-43d4-a566-4707fd3dc2cb	shop-product	22d93316-2b74-4bd0-8ca6-6c0ff47c33d5	round breakout soft seating stool		93
bdd0f473-b79e-4b54-8123-7f19dce875e0	shop-product	33657e8d-da59-4d39-865a-152ff9b9e826	office cupboards with credenza top		93
379eadf9-404e-4ba5-8395-c422b8cddde1	shop-product	71226e16-5b00-431f-8d75-1b2ee4c23381	rectangular soft seating stool		89
b013dce5-19b6-4f99-be69-e22be63c000d	shop-product	0ae47c78-0f51-4559-8169-4f968aea0ffe	mobile office cupboard		89
ff8543aa-8405-4d6a-aa01-3b4a2848a228	shop-product	fb30d7d1-03b6-4b6c-870b-1e5a6211be3e	home and office fireproof data safe		93
2aae0bf4-5385-4d29-9ea3-80474226ba8a	shop-product	466f762e-5dca-4e60-b90f-aa2c2cea83b7	high gloss boardroom table		89
23e0ea00-4abc-4088-974d-a2fc14fe829e	shop-product	75d8a3b6-682f-4ca9-895b-b2c8972fe1aa	boardroom table with pop-up power		89
2ba43795-f053-4dbf-8995-e6370ced9ba8	shop-product	92933d7e-4110-4760-9392-00905436a6ab	square poseur bar table		89
25f3091d-e05d-4316-99e5-b9a44bc17b08	shop-product	27306fb9-f0b7-4927-a63d-835d384690e0	steel tambour office cupboard		93
00cc9da5-2369-4369-a1f5-f0be29b4c931	shop-product	6e08e6a3-af67-4910-8a8b-a7da399eea71	poseur bar table with cross base		89
e530cad2-46c0-4497-9ee8-8e7ec1c237af	shop-product	f9942f4a-cd1d-4d80-9cc0-13bec9f79c46	fireproof filing cupboard safe		93
a71b6c00-c8e0-4706-8e23-940675602e03	shop-product	a97a9d6d-28f6-40c0-aa03-7aeffe2c1a9d	twin wheel storage castors		93
006fe4f2-6dc6-4078-b53c-4a198170a08a	shop-product	8a6e77bb-9600-48f0-b7e8-f08df9bd3d9c	panel end office desk with storage		89
805bc965-a6f9-4aa2-bbe7-670bf0dc4f5e	shop-product	42193375-4999-4d9a-b7c8-9d2d41afeee5	round poseur bar table		89
acc0d4a6-0515-46f1-ae32-c5d0fa2f218b	shop-product	fb7cc294-1838-4189-95dc-510e8e94fd59	lockable desk high office cupboard		93
ab432f37-100c-4b87-b5bb-98140bff0620	shop-product	1556fed4-faa0-45af-a4ae-667751219deb	side tambour office cupboard		93
ed64e037-715d-4fd4-a3e6-bc33ceee84c9	shop-product	92ec8159-5a67-47ce-86f5-d7e5e3074f5b	fireproof document safe		89
ef5d58fb-dc0c-4a44-82a2-12fac5aa9c17	shop-product	1995a7f5-9641-41a5-a520-77168d67bc52	replacement storage handles		89
d744a383-9aed-47ce-ba83-c0bdf0820f6c	shop-product	6264b86f-b7b8-461e-b90b-05c4c1d45e71	high gloss credenza top		93
de1d0ac0-5d84-4912-95d6-2a48aec8fa36	shop-product	2ac7a4ea-5e40-458a-bf6f-f0f496d12c86	stationery cupboard		89
9c65ed81-8293-4f02-afb2-bad4756f286b	shop-product	b482ddd5-68e6-417c-b973-3dd8c79a5819	panel end rectangular office desk		93
673fb3d5-d68e-47d0-b6cc-152c93efc278	shop-product	e6da765e-68f0-454d-b64b-853301625827	laptop and tablet security safe		93
46223de6-19ec-42b1-9951-ca6b0b7e43ee	shop-product	3a5cc00d-23c6-44f0-be1f-8501ce3313f5	zure height adjustable office chair headrest		93
99ca0fd9-52c9-4e3a-a632-0a3d6655ffec	shop-product	a2745c74-ac8a-4460-81ae-c2fa61ca88cb	euro grade 1 security safe		89
b1b3ddb7-a2ae-4a42-92b9-800aac692824	shop-product	f070095c-3f3d-402b-a523-c41bfcba1ef9	extra shelf for 400mm deep storage		93
242b8aa2-9b3d-4f1d-ae4f-848b7863db61	shop-product	c15ec76c-a432-488c-8b9d-4bf9aaff9a32	cantilever scalloped rectangular desk		89
d01a106c-6413-4a78-a4ef-157c089b51fb	shop-product	ca15e7f6-570c-48a7-baa0-106514f167ef	tall open shelves office cupboard		89
ac13696e-55a9-414f-9118-3b7605ba87f3	shop-product	26d41dd8-7bdb-4d4c-a476-fd43b4f3c3bd	fireproof paper and data safe		93
a99d6141-9e8e-4bb9-954b-e85173018c00	shop-product	2b629aaa-68e5-4d89-9b5a-24b30a57f4dc	key deposit safe		89
7c5862f4-a530-4e3d-9477-ddc0544cd71c	shop-product	932cfefc-b54b-4177-b7c8-767c8f147885	vented steel staff locker		93
97adf0c2-a17f-4001-ac1e-9f6310ad2b6e	shop-product	3b6f6e71-9d2f-4d24-8085-622db8a246b7	bonded leather office chair headrest		93
8fc51ee2-af2a-44fa-b4ee-2fdb2b5d927c	shop-product	13dfc6c9-7161-4e6a-8d26-d42e610bb931	booth monitor mounting bracket		93
a4d31a7c-4cca-414b-9763-7a846b5c2484	shop-product	92eec397-684a-4efb-9335-9374c8dec5f1	lockable office cupboard		89
e57ab2c3-3f6a-46bf-bbf2-2bbc8f86da54	shop-product	95855c76-f563-482f-8c67-d4b5f636229d	fireproof data safe		93
873e72ae-554a-45a4-9c0a-c84dc09c6722	shop-product	a5f43531-9c32-4d05-a984-cf75c5d03f0f	swivel wheel office chair castors		89
87b15a6c-82d0-41f2-8271-b59e504e96ec	shop-product	f7624ed1-9ab0-4133-98b2-bc5d4ebce740	laptop cradle for monitor arms		89
6a511e9c-52c5-41d8-bfaa-52881cae9758	shop-product	2aa82594-4785-4294-ae3d-a97f91434b33	compact home and office security safe		93
8b67a02a-5fe8-4bfd-a63f-306e55b70075	shop-product	adf0facd-eb23-4ca7-ba73-ed3416ae7567	adjustable vesa monitor arms		93
9b4f0f0c-9ec8-4720-b783-f302079d236c	shop-product	b7bc39a4-9576-49a9-8643-75012b8f1c77	desk high lockable office cupboard		93
99990d8f-eebd-4368-a256-f2178889868c	shop-product	8cbc447a-4a4f-49cc-89f2-dd105e1fa7f6	stacking chair trolley		93
16b784d7-742d-4b7f-810c-8dee9847944f	shop-product	119fdef4-1482-4a28-b43b-38955f764948	trumpet base d-end boardroom table		89
bb18bbc2-7bb2-423d-ab85-2afaf2c7f7ec	shop-product	3502ed32-0ef1-4b04-9b41-04893f8638d5	airmesh office chair headrest		93
dc1e31db-f8e4-4d38-83d8-5855239cd5dc	shop-product	92005fe0-da70-4509-a0bc-55a54f8203f7	modular office sofa		93
015233c1-6c27-42de-bddc-91fe9483b93c	shop-product	0485abe5-cbe0-4632-ab61-6ac50bc4ddd0	writable boardroom table		89
08af1129-456b-4990-81cd-37c4373af5e6	shop-product	a543940f-b526-4d09-b7e3-41f9c1d2fff1	high back leather executive chair		86
3fefdae8-e6e4-4214-b0b1-ec58c9970fee	shop-product	e4a4b7e0-e3e2-4568-bce6-0248828496e5	replacement office chair gas lifts		93
0d7cc101-0b86-40dc-a813-5f0de0eed0bc	shop-product	2c170c1f-b445-487c-b674-b934457fd009	rounded profile modular seating unit		89
b4e1e996-bb50-4929-a9ac-a269599a7e9d	shop-product	7b3b4467-d7e1-4703-8a04-23b275fa6ac8	post leg boardroom meeting table		93
eea2c273-46ae-4887-bdfe-4d699bd4ff4e	shop-product	3a933e8f-b4dd-4405-a205-fe96df09a126	air electric height adjustable standing desk		89
42c2c9bb-57c5-4871-82e0-87f37dbcbecf	shop-product	c0c0da6e-5813-42e2-aca3-6a4d807393c1	seat slide mechanism		93
d384895d-b297-4c6d-90f5-84df34be47d3	shop-product	e895114f-8c98-4541-bb18-8aa39dc1c2e2	black leather executive chair		89
94c5b34a-5611-4994-8f1b-8556c5306720	shop-product	ad025e7f-23e4-47f2-b63d-656f53ffb407	office chair glides		93
6629fc11-b6c3-49c5-a60c-f30233e3662f	shop-product	9c0ddc76-5540-44b8-adfe-ff3a4760f694	scalloped edge height adjustable standing desk		89
b9f886ca-9397-4ea9-860c-c604ac3a7b2b	shop-product	50982f9f-d080-48b3-8697-f6ee4c814307	piste electric height adjustable standing desk		93
fe8c78f2-3123-4096-95ae-7431199b3282	shop-product	7b8155c7-1348-4330-a929-96773c1b5a7c	scalloped edge height adjustable desk		89
f0c82807-a0de-4939-bdeb-b4ad7b7c1cd6	shop-product	164863fa-48c9-42e0-a908-04333ae28d1a	faux leather executive chair		89
5dd09a67-252c-4af2-8426-e4b81cbf4ea4	shop-product	4cd33e72-595d-4fce-ab0a-903547ba2426	folding office chair arms		93
6c821f84-11a5-45ce-a1e5-d004477018b5	shop-product	828d1648-be68-49a5-add6-7f830942d26a	impulse height adjustable boardroom table		89
81dcb76f-1cfa-47f6-ba77-6926ac5a0da9	shop-product	35a72f4a-8265-407a-8600-9501c2843933	height adjustable desk with cable ports		89
d1303175-75d6-4907-9e47-b3c69ac36b2b	shop-product	8135dc44-01c8-4afb-9d33-cf8747ded15e	circular island modular seating set		86
cd3fcc75-c2a7-42a0-a843-1601346c3aa0	shop-product	da31a571-38d9-4d10-8bea-43bdd6f17fbe	black fabric office chair headrest		93
5a305b99-189a-4c7c-aab1-3d2de51d8d3e	shop-product	47348129-f2b7-422d-ac78-4762c953fe16	black mesh chair headrest		89
e68694d9-f463-41e1-aab4-3c4a531c009f	shop-product	fef0d516-ba72-4360-9e7c-ca193d1e9fe9	office chair arms		93
69eede1f-03e1-452e-bd9d-28429897567b	shop-product	174fbbd8-b2b9-45d9-919d-7f585037d450	mesh office chair headrest		93
d06892bb-8d86-4ad5-b881-8ee3f61e12b4	shop-product	639e9404-69d3-492d-aa55-e88033faabd9	arrowhead leg boardroom meeting table		93
26009372-758f-444d-b6df-6591d876730b	shop-product	d1916fbc-39e8-4c94-968d-7871b7890b06	medium back executive office chair		93
8b5e6277-ac6f-454f-b1c0-08b41cd02362	shop-product	29efc50d-21b2-495e-8d1a-41e5632b8e48	circular booth modular seating set		89
07c777fa-5d91-4ee9-ae65-08ba86cae2d7	shop-product	b7f6f1d3-cd9a-40b4-a168-dc539d3f83a2	white shell fabric executive office chair		93
5e8c0ac6-2140-4118-b2b7-e1b48cd67922	shop-product	7db89c4e-74d3-49d6-b01e-c827f347429b	foldaway chair writing table		89
fab1b368-c8e6-4ac9-b95f-910d3b0059a2	shop-product	f36d4fdc-648e-48ee-89b3-6f4beb6df029	wood effect executive office chair		86
cf4541ec-6a90-4ffa-9087-7c78ba61b299	shop-product	c41f33b9-4999-4cf7-bc79-a69dc4d59249	height adjustable boardroom table		93
0567e934-4bcd-4d4b-8431-691b123a6c8e	shop-product	2e4d0292-46a3-4766-afe8-c6997a16cc27	capsule island modular seating set		89
152ff5d5-a371-431e-84db-3c0377742d7a	shop-product	7223a742-bb7e-4752-b78b-dcb78fba755b	bonded leather executive chair		86
6285f71e-ff4d-47f1-be0a-04d93e9338ed	shop-product	1cc34f0a-41df-48bc-94ba-9310b1901015	italian style leather executive office chair		89
4004835d-75f0-48ac-81d2-091f152c4668	shop-product	b48d44d6-1e9f-482e-9599-2f31da506e64	elastomer executive office chair		93
2cbb5ca0-9adf-42ce-8619-5116428990f9	shop-product	979b595d-9da4-4c18-a234-27d378c59fac	mawsley linking bracket		86
a6ab9493-7e44-41c0-a243-95a58c675c01	shop-product	4653be97-1170-4708-9451-dd72fdaab115	dry wipe boardroom table		89
f7752703-dee0-45ca-b2d6-a9c0edd9ab7c	shop-product	d1fa17f2-7191-4529-88d0-6240a9bddb84	height adjustable office chair headrest		93
42a51b33-27f9-4aee-a47b-643de166d636	shop-product	d6a84a38-1c2a-46e0-a13c-d54472cbc63e	chrome 5-star office chair base		89
fd6a7864-e5f2-48ac-976d-2a0ab852af3e	shop-product	3ec60275-7cc2-4936-afa5-34f046612aeb	modular office seating unit		93
1b67e563-6a5c-4a27-8192-0f1fab1083a3	shop-product	2648e3d2-9228-4b43-b469-6629593d05ac	height adjustable office chair arm		93
95976df0-f405-47c4-a27a-697ae1aea851	shop-product	decde9d2-cce2-4091-9932-2a3dd075c6e6	foldaway office chair arm		93
cc1fa261-8a3d-4537-b35b-6b106e180e72	shop-product	7e331a95-0142-43ee-bfda-211691011029	moore high back black executive office chair		89
7eb6b1eb-517b-41cc-b218-f24d18ffaf58	shop-product	0b1df29c-5e4b-470a-9962-fc8ba707152f	black shell mesh executive office chair		93
1f149d12-351a-4348-a438-71bb4390a256	shop-product	4fced5e4-ed9c-4e31-91b7-619978faa7d3	high back mesh executive chair		89
13bf2ea1-b194-4648-97de-d5c9bf07a196	shop-product	397e012a-5a2c-40b7-90dd-f0d0c01738a9	evolve plus large rectangular boardroom table		89
c69368b0-f78b-4ab3-842c-bfb3faafa8ff	shop-product	2ab82b64-baa3-4329-bc4a-d28a677ac8c7	pu leather folding meeting chair		89
e6d86ba9-9d48-4589-96fe-59967d21a13c	shop-product	9ccf4144-f134-4f96-ba73-e6d0a257aded	heavy duty bonded leather executive chair		86
210d440a-08a4-4989-8ba2-e8829d4998ab	shop-product	ee0a6511-c1db-45af-8217-96e48066fb48	medium or high back executive office chair		86
9da9a9a9-5b80-471d-92a9-e3b5690345ed	shop-product	03b1b863-29d6-4d06-a5d4-a33407dc1580	deluxe high back executive office chair		86
a062c98b-3272-4197-be62-7794221e8389	shop-product	d97bc5d0-4a60-428f-9b59-74b076001e6f	ergonomic posture office chair		89
62d68c12-364c-4bcf-9169-58a857bd8936	shop-product	e02c56b1-6ee8-4280-a56c-f5b4544924a5	mesh ergonomic 24 hour office chair		86
52655b4a-8f56-40d2-bd33-5ea542ee4b55	shop-product	19c1a5df-0e0b-47ba-8a9a-27665c74a1eb	office chair castors		93
bda470c9-b626-4595-bf9a-e9c58a9e06dd	shop-product	770ea018-7c1b-4336-ac2d-72ef7959a27d	high back executive office chair with headrest		86
a534fdae-843f-4366-bb7e-0530cbe80626	shop-product	92e67036-d504-4133-8a6b-138b1c4d2ea8	polypropylene stacking visitor chair		93
b0d1e4a3-dddf-4850-9385-cdb342b51505	shop-product	7c21bc39-d594-43e6-805d-668307bdbeef	modular seating linking brackets		93
d00e8713-70d0-434b-91c3-8bb05234f581	shop-product	59879472-7b14-4751-bdca-6776eec4596e	nylon 5-star office chair base		89
d5e5ddaa-aefb-4669-8d96-29ca685f7011	shop-product	4918d5d9-dc73-459f-a873-ff3a1ed3e1e2	1600mm square boardroom meeting table		86
1129e63a-d1ae-410d-88e8-8b447ff5fca6	shop-product	28584814-8f20-44e6-b101-33133fd52163	black bonded leather executive office chair		93
49ef8792-f6c6-4366-b747-426cf79a6505	shop-product	d3c7f405-edc1-4f3b-877e-ca6245ca2957	victor ii mesh back executive office chair		89
b619ad35-b2a3-4bad-b1e0-a99cc8c9094a	shop-product	b1e8bc86-818d-47ff-9a2e-cb24e68d04e1	high back bonded leather executive chair		89
63ad8f7a-d71d-440a-bb9f-87e3ff09aa1a	shop-product	41190d5f-95a0-467d-8b11-3edb244272ce	heavy duty high back office chair		89
0902ed75-401a-4d67-b031-d37c6b84a91b	shop-product	284e6d25-0618-4a83-839b-6e8436b8c46e	black vinyl folding conference visitor chair		86
d15d668d-bf04-48ca-9c2f-0421f1cd6722	shop-product	3c43832d-7187-4324-8252-d19558cbe6a1	office chair writing tablet		93
d3e6560c-ea81-469e-9284-1859796e7dfe	shop-product	d7949b66-37be-4018-ae7e-d3511a5a52cd	1600mm boardroom table extension kit		89
3e4e1d31-7fae-4d7b-93e1-647d4a697cfe	shop-product	57472f05-b53d-4209-84d1-94a9aaf986f1	high back leather look executive chair		86
815d2d2a-bb56-4185-93c9-59fa8f9a2f1e	shop-product	182d3b91-b4e5-4ff4-abda-b95c26e52e55	heavy duty 24 hour office chair		86
4e5053b9-b466-4d15-ae15-bafd10f9fe30	shop-product	d6f454e8-e80f-43de-898a-104b7564747d	high back ergonomic posture office chair		89
b979e913-d6fc-4f0e-8c56-27a7e499b862	shop-product	da9d8154-371a-4ebb-9d8c-70410662139e	lumbar support for office chairs		93
2af2a916-1f0c-4ef7-a131-2a7975ecec25	shop-product	2edd1201-12ce-4043-8ebd-9e697cd97d88	high back leather and mesh executive chair		86
41f1fa2d-1111-4d87-b1d6-8ccd46201224	shop-product	43d34678-10e0-4a2c-be2c-e2a309a9c23b	clear chair mat		89
b593a931-dc1d-4e37-85fd-d98c70400831	shop-product	a9e49a7b-4dcc-4ada-9b14-a5d1fba7d056	office chair arm set		93
5380f721-f5ca-4e10-b100-54e05d59ee62	shop-product	d5616201-4945-448b-b413-cff9ddaeadd8	anti fatigue floor mat		93
aca9e377-d809-442b-982f-129027a77058	shop-product	52d993e1-a490-4dad-870a-85e6d68f96aa	stacking visitor and conference chair		89
9fe6b8e7-2db1-4a9d-bef3-212078122739	shop-product	2dc0634c-e841-4f57-b92a-52194009b8f0	black pu leather executive office chair		86
2a1e4a94-0add-4c9e-a1e7-3c3c7f038d9d	shop-product	e67e11db-5c15-4e72-bf41-7ff5c486917e	vegalite high mesh back executive office chair		89
fdc3805c-dab2-4d8a-82bf-7b248fd62830	shop-product	ef817024-f51f-4726-bb9c-cc046181c442	ergonomic 24 hour posture chair		86
5ca0491d-b326-438a-9752-02852685fc21	shop-product	e23225b7-46f6-4e4b-a375-c8730e6408aa	metal cash box		89
7c94b065-b129-4c96-9a39-19468f9d6c03	shop-product	8df2872c-9b1d-4b1c-b534-475b1058700a	chair linking clip		93
6cf16e38-9ab5-4ac2-b98b-fd7e68eab8a5	shop-product	343fd537-1a42-4718-91ee-1f98f6cf8231	conference meeting room chair		93
2fc0bb09-2876-44bb-bed9-14d3a6e8a2de	shop-product	930bc269-9d3f-4860-8b5b-1f521c8339ac	recycled mesh executive office chair		89
91d2b6fd-9d76-483d-82fd-c0e25272c5c6	shop-product	d39328c6-a9a3-4b78-b0a3-d6a3fc4f6778	trapezium folding table		93
faa4c9d2-ed02-43d2-845b-81509a997a14	shop-product	64d3f840-3cba-4245-b0bd-17770030fda5	thrift high back black leather executive chair		86
734fadda-a3e8-4bb4-80d3-e774d108c829	shop-product	a8594fe9-e7b4-46ec-8e6a-3d36e32f4728	wall mounted key box		93
00574d93-7ddf-4338-b20f-eb576bebffb8	shop-product	c8db953a-227c-4d2b-ab51-72f0c2524db5	office bookcase with adjustable shelves		89
d4de3c23-0fd6-4a27-9c3e-5c144b340d24	shop-product	4b2ddb69-111d-4105-93f5-8336a157ae0a	mobile office bookcase on castors		93
72c1361e-a7e1-4a1c-87a7-8b00563decb9	shop-product	b0b2c4ac-d8f0-47cf-88fc-8f2377daf41e	desk high office bookcase		93
2b138f2b-d915-47b1-a0b6-d9c641a071a8	shop-product	772ffbe6-bdcf-43fc-9b8f-54c93cf5eedc	semi-circle folding meeting table		89
e2759a0a-e255-4bb0-80f2-db9a10e15d89	shop-product	8f622aad-b5d0-4c00-8182-97ebb944266b	mesh back executive office chair		93
bfda9e4c-8b2f-450a-9ef1-58d15053345b	shop-product	de13b104-ea5f-4b9d-b035-2bf28960fcad	draughtsman chair conversion kit		93
ae437821-9fac-44b2-ab9c-53959e3ca88f	shop-product	7f8c06e7-b2cc-49bb-bea8-33f9e08e3e57	high back ergonomic 24 hour office chair		89
5eeeb366-c577-4183-b387-60e7cd000f92	shop-product	ceaccc9d-b4e5-49c0-aaae-b5f52e998b9f	combination key safe		93
39be8f3d-6cbc-4822-be61-2f9fea91b4c8	shop-product	256db687-9a25-4746-b2e1-d35a2fed7e2d	fabric stacking conference chair		93
c6954ec4-7bf8-450e-a755-d48a212603b2	shop-product	8a8bbdb8-6d79-4e14-a030-5c3b6af93e7d	rectangular folding table		93
b622cb85-b65c-476f-a773-c579e59db982	shop-product	35e1efcf-6359-4709-8349-e303e72971dd	vegan leather executive office chair		93
570da0e7-4128-40da-8d4e-16f33ed25ef0	shop-product	e33f686f-a3b0-41bd-97e2-253b7fbb8917	deep key cabinet		86
5a6519f1-a8b4-4efb-95c2-8a19ca8f0d77	shop-product	a21f73fc-fad7-4e0d-9df6-b89be977ba24	adjustable strap pc holder		93
d19e563c-6322-4abd-8db3-96c3a008be6b	shop-product	bf0aee0a-f154-40b5-8e53-c9849175d969	oval wooden leg boardroom meeting table		93
fbd9b2d8-e65a-4cc3-a7d4-3fa5235cab24	shop-product	55c5de52-a471-4813-86e3-19824c83958e	cashmere executive visitor chair		93
7c1574df-726e-48c8-8957-a57d12f9033a	shop-product	222faf1a-3062-4542-a3ca-d8e4c8698b2d	semi-circle flip-top table		89
a85dbb02-df02-420f-b79f-62da66f33ab9	shop-product	0ab6d395-f3e8-4981-a2dc-d698f3fd4ac4	mesh executive office chair with footrest		93
1bf1d5e5-5109-43a3-80ee-1e542e58ab39	shop-product	97cbe819-4620-49e5-8bbd-5edbb3b48b19	rocking task operator stool		89
b0a5e2e0-b57a-4a2e-a1ce-0248acd24acb	shop-product	6d1445d3-6880-484e-b880-f79543228915	padlock key cabinet		93
2b7dbf92-2c35-46ca-aeb3-4adb0907d3a7	shop-product	2a88f295-7b0c-4b67-b843-c387c4eb333f	gas spring monitor arms		93
a0771f4f-1f53-48ff-8ba1-f71df2aaeeeb	shop-product	00923a70-7553-466c-b718-7dab28da884e	sigma high mesh back executive office chair		89
bfc83cf1-db76-496e-8cc4-69870a27f3a5	shop-product	31652bef-0ab3-4c2b-81a3-97aa363c55c6	rectangular flip-top meeting table		89
0a88aeaf-59c4-4fca-9db3-6b63fb756dd3	shop-product	6fa2b238-1b7c-4b3e-beb0-0f34edacdea5	lateral filing cabinet		93
5f16ecf5-e62c-4660-9330-24f2cb63b0d3	shop-product	b65a9635-a476-4e3e-8267-9cec3059d08a	black leather executive office chair		89
ad114648-31a8-4744-88ec-0ab867caab77	shop-product	f0d75802-59b2-48ff-9297-94c155df8634	pillow top high back executive office chair		86
41d52741-ddad-469f-a3f4-9b8bc78d71eb	shop-product	4c86e3a0-3b40-4fbe-9cfd-5df9b7b6e8ec	large rectangular boardroom table		89
1f0b81b3-6011-4eea-8732-fa8fca4c23a5	shop-product	2077eaa0-981d-4b66-8959-f5accbb83e69	leather executive office chair		89
f4f45691-51d9-4be7-b217-93290d6ab998	shop-product	16907d3b-ec74-4fce-a5bc-7cc050c72bfe	flip-top rectangular meeting table		89
73582091-a875-440d-96fe-d44a63eea626	shop-product	41ab1d3e-7411-473a-8004-b88685c2482a	height adjustable steel pc holder		93
eb13caa6-104c-432c-8571-7c8fb3f7af70	shop-product	e9c2801b-29f2-4bee-887f-16c1ed9401e4	high back black leather executive chair		89
8d0e3c83-4e86-4961-9a67-81b2a7c29d3a	shop-product	870fab5c-7e79-476f-b139-1f5d4bb5b4e8	high back ergonomic mesh office chair		89
9290ee14-bf6d-46d9-a489-4111541eea19	shop-product	7e9ddbf8-a0ca-4e22-95ea-2bc788114f44	commercial key cabinet		86
740b4dca-bcd6-4e40-887f-b1865991fbd5	shop-product	a0261e18-aee0-4873-941d-41c610da7dea	square boardroom meeting table		89
fe0d9935-7340-45e0-8f45-a4f43eaf355a	shop-product	9a3d74b9-ee8f-4e82-a3c6-dddfc581c85a	high back executive office chair		89
364a91fa-6f62-4aba-908a-c2062024c828	shop-product	04eaaa04-12db-4e24-90ba-2f8cb9eda823	polyurethane hi rise draughtsman chair		89
42bb5c3d-2dd7-46d6-a751-ef99f1be988e	shop-product	ea459140-54a3-49fa-80f8-85ff7dd06280	high mesh back black executive office chair		89
f80052eb-1b55-45ca-a0ca-0a19f5681be5	shop-product	7c8fd64f-785b-437a-bab9-b0f56edccae5	electric height adjustable standing desk		93
88b09fe1-bb61-4b12-88c2-2f2538543db5	shop-product	1c93744a-86ec-473d-b3f3-35eaa6171a6b	portland medium mesh back task operator chair		86
46a82533-8ea6-468a-b032-e7509e86ed6f	shop-product	3f441554-37f5-4794-9bc4-81e05e0e5718	two drawer steel filing cabinet		93
da4a2ecb-1e8d-444c-b91b-0faec0c99179	shop-product	9ac58829-faf4-46c4-bcda-2955c40c7b45	boardroom table extension kit		93
b9e3d15b-7d74-40b0-be19-0dd63aaaf111	shop-product	32e7ff72-dd34-4c55-bbc2-6440ebb5e509	medium back leather executive office chair		89
b96e686c-dddd-442b-97c3-a96bdca9d6c8	shop-product	19e104ef-0348-4c25-a48f-85dd50e85ec8	high mesh back executive office chair		89
513561be-d7c6-41a5-88ba-3b7bc602f504	shop-product	7bbe93be-9724-4f3a-8ace-5a31d8e25fea	steel office filing cabinet		93
a0f33b03-a664-4541-b1e5-51e2f3790142	shop-product	fa8e6f7b-3aca-4ebe-a186-162dd65a9c6a	kneeling task operator stool		93
6dc134b0-71d3-49ff-ac44-603cd2aa4ba5	shop-product	f4e58ff4-ecc0-47fe-ad15-d2fe7f9e20b9	high mesh back task operator chair		86
7ebb0a88-95c0-4579-a972-69c243fd53d4	shop-product	76f62885-289c-4fb3-a450-711ffb3731f0	split panel leather executive office chair		86
1001190a-1bed-4033-8cb0-886cafe3e94f	shop-product	1e1599b5-ea40-4235-b17c-f5728ab9903e	glass standing desk		86
00b432d8-b593-478a-b32a-52ff561aa7ca	shop-product	e8604577-050f-4cc1-90b3-f58422f6ef6c	round coffee table		93
3626d0d5-f4d7-477b-888b-dacca2c27576	shop-product	51f43576-ba18-4e8d-8a2b-7b505bbae417	rectangular acoustic desk screen		93
6a75347d-bf9e-486e-af04-77bddc433dea	shop-product	6c963c4c-6627-44e5-a8de-b103c4a484a3	hi rise draughtsman kit		89
ad8e36a3-d45b-44c1-bf61-ed2bd3a24e18	shop-product	9392f93b-991c-4c02-a60c-5f412eab6a94	mesh back task operator chair		86
c941204c-ec99-40b2-99e0-9694d9b1eb0b	shop-product	2258128b-94bd-452c-8a67-f054da844ed0	wood finish office filing cabinet		93
673f7897-890b-48ba-a8bb-8546d81eeaec	shop-product	69258381-f4a7-47b0-9482-327ee5da72aa	high back black leather executive office chair		86
b86f86cd-675b-4084-915f-07a6a774d09e	shop-product	da04f010-a7ba-4532-9d10-e565c72ede42	high back black executive office chair		89
b4db0cc9-c1fe-41c8-850e-f4e741c10464	shop-product	bc006396-4177-4508-8c72-ffd32a9b4811	medium mesh back draughtsman chair		89
a79579a3-dfaa-4f33-b90f-71c847ec49ca	shop-product	a6b9ba07-9600-4146-9c47-2063719a8f4e	high mesh back ergonomic office chair		86
95f68cba-276d-4095-b59d-fe792795085e	shop-product	4ed053ff-b3ac-4271-828a-7bef8e8ecde4	high back leather executive office chair		89
406aed01-2254-4e34-aada-137f330f5a58	shop-product	9061310a-8e8c-4a44-9776-03ca65550b52	portland all mesh task operator office chair		86
9232edd5-94a5-4e20-a7e8-de98a0c58b56	shop-product	4495a60c-bb2d-4b1c-8a78-901afc913a1b	high back mesh executive office chair		89
493be065-f672-4ccb-88cb-c56c497ff92e	shop-product	aef2e2dd-8db5-45c5-9926-bc08132ab1b5	bonded leather executive office chair		89
16550ada-8cce-4e0b-a198-5e2f3f72d739	shop-product	06ec6cca-102b-4ab3-92dc-d6c0daa1726e	plus high back task operator office chair		93
e11d3575-f6d0-4a33-bc90-059e409da66a	shop-product	6bc13793-6dc1-419c-ad0e-931c5d48f369	high back faux leather executive chair		89
d93d7a9b-4c2b-4b36-9c0f-bd3c43a4fa8f	shop-product	582c4814-d07e-4ef6-8249-4d3426bcbcac	mesh back draughtsman chair		93
5c676d34-e456-49dd-9f06-45458741b544	shop-product	52bf40d0-8ac2-429a-b0de-ec5d21e7ede5	all mesh medium back task operator chair		86
7259c0bf-a307-4042-af3c-bc0125482f39	shop-product	5e12bcfe-163a-4deb-9a56-874e7a7877b2	high back executive chair with pillow top		86
a33934a1-e593-4d30-9e74-fef1a5fda3b0	shop-product	dcdbe5df-d9be-4148-b7bc-d7babc3b323c	draughtsman chair with footrest		89
653ae3df-36ca-4d07-aca2-0c7ab2c49e92	shop-product	0765b972-26ed-4200-8752-1939ba7e7dba	high back ergonomic task operator chair		86
fe5c7666-3da3-4e88-8f09-f545eb79071c	shop-product	c0ffe428-a5a1-4010-ac45-45de3d608569	evolve plus back-to-back bench desk		86
1cf1c080-d1ae-4cb1-8293-8dd205600a03	shop-product	2eca8c24-c784-4a63-9666-7fb4e390863f	auto tilt cantilever visitor chair		93
d60a21b9-8e6b-4fd3-8042-b3faf3d3470b	shop-product	e10b1ab8-491c-47b6-9315-57e57ef6ba37	task chair with flip up arms		86
96610a8d-279d-47be-83d4-26a9637ad2f1	shop-product	a181f8aa-6b69-4e7d-b28d-ef684c1594d6	evolve plus back-to-back bench desk extension kit		86
7b1e029a-2f88-454d-9821-115bc2662db2	shop-product	631a41d4-ceba-4901-ae10-ad89429f813f	ergonomic office chair with headrest		86
5ac0d588-96b1-491c-bff2-592ca5808bf9	shop-product	b93c8f99-7269-4467-a51f-73df3f21664b	medium back task operator chair		89
dfea7c70-ca81-4484-bafd-7f1a1f699982	shop-product	c863447b-0d94-4ae7-8c53-768b4069688d	desire bonded leather cantilever visitor chair		89
06f67757-77e5-4012-81fa-99b273685851	shop-product	edefa035-3e26-485e-b479-a66519544aa9	deep under desk cable tray		93
0e89fd69-e053-4030-94ec-643ca8ff70ca	shop-product	e2fd3203-d162-421b-ba78-121fdad01102	back-to-back scalloped edge height adjustable bench desk		73
a080042e-7680-441f-8681-50b826e315e3	shop-product	8544ab04-c40d-44fe-aa83-1fc719bb2690	cable port power module		86
1cf6bd46-af09-473f-b0c8-845415f28d1b	shop-product	98ae01e8-329b-4ba8-9dd6-0de080baaf54	deluxe mesh back operator chair		89
394d25dd-5693-482c-b212-6eeb697e9524	shop-product	38665342-d301-4832-99f4-f26584b68143	all mesh task operator office chair		89
46bee65b-97df-4a29-a92c-2ab396f5324c	shop-product	b24ad01c-0e5c-4772-89c8-9003dd2a03cd	height adjustable desk cable spine		86
66724f41-8310-4807-af45-1e4f31354600	shop-product	e26e212e-f5f0-4bdb-9621-1fd091da5112	connecting chain power cable		86
a0ca70e5-0081-4c53-9e24-b89b83de1ea9	shop-product	740bba27-b6b5-45c3-b4b4-212c2216cc32	acoustic desktop side screen		93
fd038f4c-a99a-4c72-91d4-b3fd9bdc7a19	shop-product	80dc2169-b216-470e-a552-9702cd38b268	nylon back task operator chair		89
be8f4df1-499e-4c64-bf5c-cd803cabd393	shop-product	f9b65550-415d-4aa3-a07b-f9eebb738bbd	operator office chair		89
64ee0188-e486-4a62-8b87-cff118d99712	shop-product	766f9df4-c999-4e3b-adea-bdf3e4f0ac0c	recycled plastic cantilever meeting chair		93
55abd698-fc63-4796-892f-f240b2389561	shop-product	5f7b1418-5c52-403d-baf0-84debd1ef5bf	back-to-back desk cable management spine		89
fa65a118-63cb-4d46-a864-bd9e4d231a37	shop-product	6823772f-4796-412f-9360-20d7a2a4f9db	mains power cable		93
267dbbf3-191b-47f8-8d5b-f5f33a643b38	shop-product	8a558f28-529e-4110-a841-25ce278f759c	wave acoustic desktop desk divider screen		93
39b92722-bc41-455e-b752-4e7692fb04d6	shop-product	ca8ce630-095a-4f56-9629-dc9c92232d41	bonded leather cantilever visitor chair		89
e27065d6-f49b-49ec-ad16-8105a1d34fd3	shop-product	a8d7cb1a-eb1d-4012-a4d3-ad6fe6a904a4	high mesh back operator chair		89
8408149d-83ce-4ace-b0a5-cf45c6688e15	shop-product	e49a2f3d-b57b-4526-b580-133334dcf19d	square breakout table		86
53f3a6d6-c16a-43c5-a493-5bc782b704b1	shop-product	d675d2c4-613e-4884-a179-bca15dc39dfa	desktop power unit		93
c112bb7c-97ff-4937-87b3-6025dde8ebca	shop-product	dba1b4af-580e-4581-82d5-ebbcf59f9571	scalloped edge height adjustable bench desk		93
d580e24d-24f7-48c5-a9ab-db6934ad9011	shop-product	a11dcde7-c24e-44b2-bdd3-5da07d0ec1b4	black faux leather cantilever visitor chair		89
5a266258-715d-4353-9bd6-d760fde2ed79	shop-product	6463c5aa-3b8c-4f6a-b5bc-0f15b74fac84	crew medium mesh back task operator chair		86
ceb53ecc-5728-4ac6-b359-ae25b417d577	shop-product	3974598a-efed-43ea-a3e4-91c8cf7f1273	soft seating power module		93
b9f9aae0-0f4f-4c5b-813b-f9860af69c3f	shop-product	b98e69d1-31f6-4e94-91fa-1bf585f1cdc2	oblong acoustic desk screen		93
c94efe32-ead3-41d2-a340-66012cc73f25	shop-product	7b43c1b3-f391-468a-878d-4347270d7697	round breakout and meeting table		93
4eaa4b3c-16dd-4405-b93b-e451a801d803	shop-product	31140290-b4a5-4518-8c5f-019ebe91d179	rectangular coffee table		93
d0c1f8b1-208e-4924-b0c7-ea272ef9c416	shop-product	f5899924-05d9-4e9e-8584-b8851d7978df	black bonded leather cantilever visitor chair		89
37ca6db5-601d-49c7-b9a5-bd15c2ea9c72	shop-product	c2ef42d9-93ad-4ae8-ad5b-1095b19568a4	floor standing office divider screen		93
03c2946a-6a17-4745-8b72-57033b28a41b	shop-product	a7130ae9-2fcd-4e09-9dc8-03d59bcabd8e	table linking bracket		89
88191d21-3c68-4a28-bebb-df74237097ee	shop-product	27464af3-633f-4982-aa9e-9a8178ec18f8	task operator office chair		86
e100cb17-bb4a-42cf-93f8-36c5770b59e3	shop-product	94b3013d-a58f-408b-8a3f-b85367363022	mobile breakout table on castors		93
a61c4d9c-a767-47ea-8748-b44a122546b1	shop-product	903286f6-6014-47cc-a7f2-11c487e6d1b1	high gloss boardroom coffee table		93
b34bbf4d-b743-4487-b0ea-17e2866c76e7	shop-product	7276b418-5173-4835-9f9f-43a3f82bb806	medium mesh back cantilever visitor chair		89
141178f3-dd83-4591-bd2f-bdf06139dd47	shop-product	8b21e80e-d404-41ca-b40c-298ffd6890ad	washable polyurethane task operator chair		86
7fa28d65-3c3f-4104-bd2b-46037cd25295	shop-product	4703362c-c41c-46f8-aecf-da62fdce2459	triangular piste desk foot		93
c6b3883f-4690-46fb-bafd-f8fc02821262	shop-product	f63002d3-617e-449a-8720-141b14d63850	acrylic protective desktop screen		93
f1297d95-352e-46dd-90e5-b58d395ed780	shop-product	7c360863-ea97-4900-98f2-20d1526abb35	d-end boardroom coffee table		89
3807eee4-259a-4bd8-8d1f-f848b7ae7fbd	shop-product	60d47e8c-8241-4ae2-8465-c27c8763b49f	oslo single starter bench desk		82
06c90e35-0f2f-46ff-8735-f40f19a09338	shop-product	7fca6c4e-c9c9-4c0e-8b82-ae8e9024a34c	back-to-back height adjustable bench desk		89
508988f2-d6db-4f42-b433-11e35953c0da	shop-product	23216cd8-d9d2-49f1-9e6f-754084e8c1cb	acrylic desk screen topper		93
178e37ab-85d2-4b7f-8f68-d258c835d147	shop-product	026e3fc3-e1bf-485f-9818-07a1ad896365	square coffee table with metal frame		93
a31f08b0-e5fb-4238-8c59-e8f55033c4be	shop-product	7dc03723-264c-42c3-861d-35b9ed18745f	recycled plastic task operator chair		89
27420ee4-3066-4b7b-8681-79b09b53115f	shop-product	2b099113-c420-4a47-a394-4ce3e9250687	oslo single row bench desk		86
95036993-e0b2-492b-a890-9a978eed4f9a	shop-product	7a7bd270-76ae-4024-a87e-5d556e0e3261	400mm high desk divider screen		93
a57ed5e0-63d2-4e34-9d6a-f9678fb06543	shop-product	2c3df834-6e38-4390-9f56-d5ddf5b53f3b	round coffee table with metal frame		93
2dd65c42-4645-4aa3-b1c8-64e3a6d3c762	shop-product	67e71681-e2c5-42b8-8247-8872063f3570	stacking cafe bistro and canteen chair		89
3d374e4f-e3aa-497a-92ee-e93f411ffd7c	shop-product	fc5bf9cf-910f-4ec6-9c5b-652f37894276	24 hour operator chair		86
d6bba788-ba01-46f5-9297-b8d9d74eef5a	shop-product	a7c4aca8-6ecd-4bf5-919e-9435a0df75dc	oslo single row bench desk extension kit		89
f56e586b-56fb-45e3-8fac-3d22f98d3113	shop-product	cf9c105d-c568-401e-9433-ebcd29c0fecd	back-to-back linking bar for 1800mm desks		89
cbdcbdb0-bc64-45be-a26e-415fbcb385a2	shop-product	6b1da8ce-a7dd-4bdd-8516-6b37b10a49ec	coffee table with arrowhead legs		93
b18ebe0d-d97b-4d22-810b-6e0b5ec54cac	shop-product	2febf8dd-dda2-467b-80da-9a0abea3a616	stackable fabric bar stool		93
ac86c62d-7f10-4925-8709-1a4dabcdfbe9	shop-product	db60ba66-5882-4ddb-82ed-082547450707	wave backdrop desk screen		93
fea7ea75-1f9b-4689-94c1-239e0cb277f6	shop-product	3d998365-6c6d-484e-9d45-bab1735de427	lisbon high back task operator office chair		89
b6818349-51b8-426d-83a7-9f07dcb22b20	shop-product	b779632e-af31-405f-8b74-9fdb6489df01	stacking canteen and dining chair		89
6ecd6357-a311-4b5c-a5bf-226c7b4bd31b	shop-product	5c1c5e91-adfd-4ce0-9d96-dcbb2a96c569	black mesh operator chair		89
92a80ef4-3b4b-4f8d-87b8-1a4f0898b5c0	shop-product	e98fd773-968c-45fa-b4cc-025438578ceb	back-to-back bench desks		86
58062358-2bf3-416b-9da7-61563fa7b1c3	shop-product	77676204-1770-475c-b563-cdac9ec5c5b6	pu leather sled frame bistro stool		93
7630a61d-41ab-4029-b5cd-fa60e6150989	shop-product	f7d11616-a8a6-4d7e-af29-cbcae46aaf07	wave and angle desktop screens		89
7578e47b-e09e-4462-8f60-78aa90c483f2	shop-product	3150f41c-ae55-4487-8672-ac4b01b39d80	square coffee table with disc base		89
4f74ea00-d133-47f0-a5be-3cafc3e02097	shop-product	36f6d484-2184-45e7-86df-0ad8ec3a6e54	pu leather bistro canteen and dining chair		93
a4322555-5547-4db6-bd51-08ad1f510397	shop-product	e9477f49-dcd4-4942-80a0-d0e0cde72f6b	bonded leather task operator chair		86
007b55c6-14cc-42b4-9ac7-f4af4715873e	shop-product	2e29bc73-a3e5-4d82-8ab6-40f9bd0a2585	faux leather operator chair		86
fb730fa6-f4dd-44fb-8917-ec8a18a432d3	shop-product	9b32c044-0f3c-4642-b36b-8fd99440e159	square coffee table with cross base		89
e98bb9a9-0991-4496-a777-d165d39f1f0f	shop-product	2d617b78-64a6-4f58-8bd5-fed69cd91e63	back-to-back linking bar		89
d408478a-4c14-4c56-b7ed-4a0ba904d7fd	shop-product	3264006c-06dc-40cc-b111-f7fd8136cfcc	back-to-back bench desk extension kit		86
a6fcf6cc-bf36-40cd-8531-5e66b5a6000f	shop-product	97edbc91-8457-4259-b0db-dfacc00d98b6	half vision floor screen		89
1ddc8944-06fc-430e-849b-f4de6bb0fdfb	shop-product	df788bfb-f667-4cfd-af69-7c7a1cddeabf	linen fabric bistro stool		93
56379a09-b77f-4ec8-9fee-fa223e2b04ba	shop-product	14f16761-38fc-4f22-a892-11c5d684217b	round coffee table with disc base		89
197dfe1e-8569-4684-9adf-93d025295c59	shop-product	552c5f73-fc4a-4264-996b-a254a9f1e9e7	high back 24 hour operator chair		86
5a1a0df8-79d4-4aec-be15-eb4bc8a17d05	shop-product	a7488869-0e60-4cad-a614-88a4f9950cf5	telescopic under desk cable tray		93
f80e4930-80c1-4a58-9541-2780a0c63f0a	shop-product	ebcc3730-09a3-4bf4-b99c-3a6e05d2622e	task operator chair with headrest		89
ce6d0eba-f70c-4043-838c-b27e9147fd69	shop-product	716fdb9f-4a47-4872-a3c3-df61183bfd86	oblong backdrop desk screen		93
774e358d-4ef1-4012-8315-ea09aee1047a	shop-product	1abc1c29-b836-4cf1-8915-449fc5107b02	white shell high bar stool		93
85891e01-a4e2-43bb-aaf4-5f65974752b0	shop-product	f8ba686c-05cc-44ed-8313-4ee6670b2d7c	height adjustable bench desk		89
62e261a6-ebb3-4cc7-95be-4a61abfcb5c1	shop-product	55ab753f-5995-454c-9b4a-9b8bfca921a2	round coffee table with cross base		89
7f81dcd0-cfaa-4252-8cc0-94e11100f83c	shop-product	4e52afa7-86e7-4d8d-999a-ade53a03c579	universal cable management spine		89
6d9f1c58-e834-48d6-8481-d5dec1ed5475	shop-product	538fb9a4-9810-413d-b965-7ce180d34ec1	free standing floor screen		89
dbdeea7b-d546-4f23-86ab-53457c63e146	shop-product	950b320a-8660-433b-bbfe-b8d736ca21cd	heavy duty black pu task operator chair		89
6d58297a-77bf-4e8d-b7f3-09d49241315f	shop-product	6bd8668a-3dc4-49d8-9a95-d0e6894dba79	pu leather bistro bar stool		93
d976f89c-c00e-4999-8d78-7e521c0efaa0	shop-product	a19782cd-8c08-4972-af4e-a51189b9bb92	panel end crescent corner office desk		93
a9b9b569-7b82-4728-bc47-0669570185e5	shop-product	f4ab91c5-2091-415d-a5fc-7e3b1a7fafcb	starter bench desk for one person		89
76081c2a-b777-4c08-b40e-465d34fa14f4	shop-product	8073293b-60da-48dd-9a1a-73905353ce50	universal cable basket		93
986cbec6-597c-4daa-a5bf-4f8dbc58468c	shop-product	e648ea3f-1215-49c4-b6a8-a85226721ad5	desk screen clamp brackets		93
7593c766-d1f5-4db5-9377-ba275f0d8bf9	shop-product	c2f08454-0882-4c5f-9d8f-fb514e3e643f	galaxy high back task operator office chair		93
5369e30c-a756-470d-b4e5-79556bc86bd4	shop-product	35c045a7-5d46-461e-8d04-487be3cab77b	oblong coffee table		93
4946d1aa-6183-40ea-abef-52f50040b122	shop-product	253d5d3c-fd20-417d-a2f4-3bf38b32314e	cantilever crescent corner office desk		93
aff2fca0-71d3-49cc-be8f-23558b233967	shop-product	a66e8090-d3e8-48c7-b0fa-1f033fd3afef	high bar stool with arms		93
8837c4f4-c5d4-497d-ac44-a03b35b9e3c2	shop-product	d4cd4e0b-c997-4be5-8bd3-a44431056fed	ariel mesh back task operator office chair		93
0429e372-fa14-4bcf-b377-67e060d1fc75	shop-product	1f39d4e6-d602-44d2-9a2c-fda61c97b6de	impulse single row bench desk		93
03149f95-d3e0-4f62-8014-36510239c51e	shop-product	645da4b1-d122-4399-8ba0-3694e92c9551	bench desk cable tray		89
9f654662-393a-4038-962c-99de9ce34503	shop-product	09060080-0d5a-48ae-9b3f-b3dcaaa76c1a	impulse single row bench desk extension kit		89
39dee031-bbb6-46f3-b345-a6f03da1236d	shop-product	ea12fe23-7452-4d83-bc3e-4dcbfcaffb1e	linen fabric bistro bar stool		93
c574af2b-d112-4aae-81c0-b1ac6ab755cc	shop-product	86cc33e0-92e1-4131-b490-b6feabbc7f3c	all mesh task operator chair		89
3af1eed2-11b5-4096-9b85-1301bd196386	shop-product	ea97df40-d70e-4b82-930d-f73e3861e629	airmesh back cantilever visitor chair		93
15862ee8-e12a-42e1-8943-43bd1bfd4508	shop-product	102cc715-cf69-4cef-bbe0-d2b434a0c866	steel modesty panel		89
1b536d8d-edff-492a-9f79-5f864fc89d24	shop-product	eeed559d-5ac9-4d99-8a2c-574bdf0e13cf	cable spine for height adjustable desks		93
4a1dec71-d614-4b46-b95f-96b2bbd529e0	shop-product	36eb6802-4b33-4c86-9faf-0c386f787141	medium mesh back task operator office chair		86
370aecfc-0335-4633-9120-7bcd4a0f9a47	shop-product	9496f7ef-740f-4989-ba5b-131b817f1a06	back-to-back bench desk		86
29a80741-9605-4bb3-84e4-b0138ab89365	shop-product	1d1857ea-cada-451e-84cd-496d02da47f2	wide circular acoustic ceiling baffles		93
eb22cabd-f766-444b-afe4-44c250b15d2d	shop-product	d0ca4177-39dc-487f-8283-83cc9f27fe98	curved mesh back cantilever visitor chair		93
d6ddf442-b422-4b2f-a446-d4ddcd110633	shop-product	ce5061e2-0c6e-4895-ae33-0d41eec7dfa5	back-to-back desk acoustic divider screen		89
9757c725-9a35-409d-8318-f052777f9a08	shop-product	02047f8d-8122-47ad-91d8-75362a9288f0	cantilever leg cable management cartridges		86
86ee88be-3168-4eca-9ad9-1120748363c9	shop-product	441f8feb-dee7-4b62-a2bb-afcc38f19214	60cm circular acoustic ceiling baffles		93
ebd57b12-fe8d-40ae-880d-3fa820524fbb	shop-product	8ff468bf-2f9d-4ce2-8894-0e68dab6ea3c	mesh back cantilever visitor chair		89
d5335451-044d-4816-a45a-7add0b9fc50a	shop-product	aff5e2cb-bb44-4dce-acff-b91632996499	office chair with gel padded arms		93
7460e37b-6cc2-4fe6-bf1b-3170d826fbc0	shop-product	2c486cc5-44a8-4cb0-9e50-b8777b4b88fc	two-tier round coffee table		89
ca26a751-b096-4cb6-b1e7-e89501296c44	shop-product	dfdd3975-b37e-4f76-81c9-b7d10ecdfffd	bench desk 2 person extension kit		86
80d9ed79-45bc-4489-9596-0059fb7d45b2	shop-product	ab8caedd-8094-4730-8d28-b03b6731a89a	circular acoustic ceiling baffles		93
f33b0a68-e452-4398-a767-e637a57006cd	shop-product	1d6b0bd8-7b6b-41b8-bf66-e2d1994c8807	mesh task operator office chair		82
5a4b091c-6402-41d2-8320-1a7d0895da44	shop-product	1baf32fe-a67b-4693-bc99-1a54175dd179	back-to-back telescopic cable tray		89
04fea3d3-6962-4d56-842c-e2cd597b80c1	shop-product	6542e11c-e660-45fb-9c4f-1f14ee12c709	leather cantilever visitor chair		89
9b27e08d-5b12-44c5-af97-17aaeb1d5a4a	shop-product	1d69b558-de55-4d80-9bc3-73f199a03398	acoustic desktop desk divider screen		93
1f856448-d791-4f16-a19e-ba9a50ad4410	shop-product	aae7d7b4-2ea4-47bf-bd34-7fe6553a4ef1	black high back task operator office chair		89
47f2b555-6db6-4d8a-ae41-f431cb94ff78	shop-product	9ec9dda3-0f97-432f-bad8-c7d1ed464dd3	patterned acoustic wall and hanging screen panel		93
74623616-0148-4512-8564-ed0609657495	shop-product	2a768a71-7b77-402c-b1e7-68ba35424e60	high back cantilever visitor chair		86
7217c2d2-a414-4cf0-9482-b8c9e20c55b4	shop-product	0ed583b8-843e-4ef7-834f-ecb2ea027abe	middle leg cable infill		86
ab6c452e-4999-4503-b53a-4f62f074dc76	shop-product	98cc164d-5630-44e2-aa36-485b5caee218	single starter bench desk		89
67c8fe0c-c512-462a-8036-ba6dbe4e5ebf	shop-product	afa06a31-bd6e-4357-9988-0e2497ef4047	glass coffee table top		93
f9bd16fc-ee61-4a0c-b15b-bade0c756554	shop-product	420d6749-97da-47b3-98d9-7f46e399b48c	high back task operator office chair		93
62283cd3-d26e-47eb-9e04-ef34ed967d4f	shop-product	e5592629-77bb-4aad-9950-6eac8fb550ae	high mesh back office chair with headrest		86
d2d25790-1eec-483a-8571-0a8464f1689a	shop-product	04e0fa06-04f8-4a52-b8d7-4199b60f78b1	under desk power module		89
752fddd5-0683-470b-a2d6-5079d15f21cc	shop-product	a66a9c13-f9d9-4de9-b0a2-c014d17a0c33	pet felt acoustic wall tiles		93
27cf4044-adb7-430a-b940-c385388def4f	shop-product	4077d434-4ea2-4957-a4fe-3d0a11438768	high back leather cantilever visitor chair		86
84ae1684-4527-4e7b-a729-17a6aa78c44b	shop-product	b814c914-1710-4e92-8897-1d24ae2baafc	back-to-back desk cable basket		89
ddc57816-8cdd-417c-88e5-63869d798a6e	shop-product	f9619bae-625d-4b5b-ab6f-81bf55aaa34e	black upholstered coffee table		93
51cc5d3c-fbf5-4781-99fb-ed4c574bf73c	shop-product	55cb95cd-8319-4ee0-95e4-55ae18d9c915	single row bench desk		89
fcde8721-dfed-44e6-94af-adbe25f224aa	shop-product	39dfcc8b-d281-4b73-93a9-fe35e9c64dfe	round pop-up power module		86
47ddab39-d392-4b3e-8789-f4116474a868	shop-product	7b530fca-a73b-4d4d-8499-84796f36b1d7	medium mesh back task operator chair		86
09cc314a-76d7-46c0-b26c-1e4c4317bd12	shop-product	dd032610-6fd8-4345-a59e-07817d6f2ed8	hatch type d acoustic ceiling baffles		93
d534f24e-faaf-4fdf-9ad9-3647f800cda2	shop-product	76aafbb4-dff6-4050-9cbb-37485624101a	medium back cantilever visitor chair		86
977dfaee-4516-4d5f-bf3e-ac34389f687e	shop-product	0f2d7cb2-9652-4cbb-a11b-01cba770c3ae	high mesh back ergonomic task chair		86
3633c158-2d27-4066-98a6-87174226dca2	shop-product	54947927-6747-45e5-a761-990e397684ff	single row bench desk extension kit		89
cb4abda6-41d8-4719-8d4a-d5fe8b4b181a	shop-product	58456ab4-e5e7-45ce-854b-713411a99d3d	acoustic wall and hanging screen		93
c1454fe4-da54-4864-99ba-ce7b618e2736	shop-product	1f62d0b5-44c0-4ed4-b43a-52ddfca9a4e1	square coffee table		93
0269957c-ea64-4944-8172-4d3f267fd6e9	shop-product	7e96098f-26fd-40f6-83d3-58209027f6fa	desk high 3 drawer office pedestal		89
