-- product_id,collection_id,position
8073293b-60da-48dd-9a1a-73905353ce50	676e7545-c401-4c10-ae8e-f08c9b83e507	0
3e51d6ef-33fc-4c2a-a962-6a3e45329bd7	f7b84b26-d8e4-4e5c-858c-745de5fe2528	0
c5ee85de-b277-4e56-a842-40a890f36c36	0b4f521d-947f-4dc2-ad0d-509fb5664d46	0
29efc50d-21b2-495e-8d1a-41e5632b8e48	cdb4ce54-9877-4c01-b3bd-3a0dcaac72f9	0
cc47575e-e848-4d53-a98e-71ecff325753	f7b84b26-d8e4-4e5c-858c-745de5fe2528	0
3ec60275-7cc2-4936-afa5-34f046612aeb	cdb4ce54-9877-4c01-b3bd-3a0dcaac72f9	0
f4d3e8d7-d63a-4406-8580-1153a2cb5fe1	f7b84b26-d8e4-4e5c-858c-745de5fe2528	0
b7bc39a4-9576-49a9-8643-75012b8f1c77	f7b84b26-d8e4-4e5c-858c-745de5fe2528	0
35c045a7-5d46-461e-8d04-487be3cab77b	cdb4ce54-9877-4c01-b3bd-3a0dcaac72f9	0
772ffbe6-bdcf-43fc-9b8f-54c93cf5eedc	f7b84b26-d8e4-4e5c-858c-745de5fe2528	0
3150f41c-ae55-4487-8672-ac4b01b39d80	a4a3cfbe-c724-4639-bb33-3458ac4a2ecd	0
012eb899-b518-4f13-9ab3-8f8f91ace359	f7b84b26-d8e4-4e5c-858c-745de5fe2528	0
762c5d37-ac5d-49a5-bb5f-6e1dcd596ff6	f7b84b26-d8e4-4e5c-858c-745de5fe2528	0
932cfefc-b54b-4177-b7c8-767c8f147885	a971b549-8124-494c-874c-094ed535ba45	0
7b8155c7-1348-4330-a929-96773c1b5a7c	843d5ff3-7be2-402c-aee1-860408c03258	0
3150f41c-ae55-4487-8672-ac4b01b39d80	56ce23f0-25b8-404f-a1a0-b63cee6d7839	0
c15ec76c-a432-488c-8b9d-4bf9aaff9a32	f7b84b26-d8e4-4e5c-858c-745de5fe2528	0
2febf8dd-dda2-467b-80da-9a0abea3a616	a4a3cfbe-c724-4639-bb33-3458ac4a2ecd	0
6b1da8ce-a7dd-4bdd-8516-6b37b10a49ec	a4a3cfbe-c724-4639-bb33-3458ac4a2ecd	0
2b629aaa-68e5-4d89-9b5a-24b30a57f4dc	736a3a00-4083-44fa-b3d0-85fce30723c9	0
dba1b4af-580e-4581-82d5-ebbcf59f9571	843d5ff3-7be2-402c-aee1-860408c03258	0
7b3b4467-d7e1-4703-8a04-23b275fa6ac8	f7b84b26-d8e4-4e5c-858c-745de5fe2528	0
32e805f8-ac61-4dd9-9d06-5653db360241	60e0bff5-3903-41b4-a723-e25dcd81d1b2	0
6fa2b238-1b7c-4b3e-beb0-0f34edacdea5	f7b84b26-d8e4-4e5c-858c-745de5fe2528	0
dc9bfec5-4262-48b9-80cf-54bd5ac7e9f4	676e7545-c401-4c10-ae8e-f08c9b83e507	0
9ac58829-faf4-46c4-bcda-2955c40c7b45	be7acfc2-6cdf-4132-87bb-98f2d7e946e1	0
6bd8668a-3dc4-49d8-9a95-d0e6894dba79	a4a3cfbe-c724-4639-bb33-3458ac4a2ecd	0
afa06a31-bd6e-4357-9988-0e2497ef4047	cdb4ce54-9877-4c01-b3bd-3a0dcaac72f9	0
2c3df834-6e38-4390-9f56-d5ddf5b53f3b	f7b84b26-d8e4-4e5c-858c-745de5fe2528	0
716fdb9f-4a47-4872-a3c3-df61183bfd86	0b4f521d-947f-4dc2-ad0d-509fb5664d46	0
9382bc57-c690-4430-aeee-8b3df075590e	a971b549-8124-494c-874c-094ed535ba45	0
903286f6-6014-47cc-a7f2-11c487e6d1b1	cdb4ce54-9877-4c01-b3bd-3a0dcaac72f9	0
bb4b1565-7175-4ab6-a029-3acddd5d551c	a4a3cfbe-c724-4639-bb33-3458ac4a2ecd	0
b482ddd5-68e6-417c-b973-3dd8c79a5819	f7b84b26-d8e4-4e5c-858c-745de5fe2528	0
766f9df4-c999-4e3b-adea-bdf3e4f0ac0c	60e0bff5-3903-41b4-a723-e25dcd81d1b2	0
4b2ddb69-111d-4105-93f5-8336a157ae0a	f7b84b26-d8e4-4e5c-858c-745de5fe2528	0
e6da765e-68f0-454d-b64b-853301625827	736a3a00-4083-44fa-b3d0-85fce30723c9	0
1d69b558-de55-4d80-9bc3-73f199a03398	0b4f521d-947f-4dc2-ad0d-509fb5664d46	0
102cc715-cf69-4cef-bbe0-d2b434a0c866	0b4f521d-947f-4dc2-ad0d-509fb5664d46	0
f070095c-3f3d-402b-a523-c41bfcba1ef9	f7b84b26-d8e4-4e5c-858c-745de5fe2528	0
faf32fd5-7ab5-4bd9-b297-74c8ad01faf6	cdb4ce54-9877-4c01-b3bd-3a0dcaac72f9	0
09060080-0d5a-48ae-9b3f-b3dcaaa76c1a	f7b84b26-d8e4-4e5c-858c-745de5fe2528	0
e648ea3f-1215-49c4-b6a8-a85226721ad5	0b4f521d-947f-4dc2-ad0d-509fb5664d46	0
f7d11616-a8a6-4d7e-af29-cbcae46aaf07	0b4f521d-947f-4dc2-ad0d-509fb5664d46	0
b284ed5d-6775-4789-af04-6d092d739b9b	a4a3cfbe-c724-4639-bb33-3458ac4a2ecd	0
639e9404-69d3-492d-aa55-e88033faabd9	60e0bff5-3903-41b4-a723-e25dcd81d1b2	0
9ec9dda3-0f97-432f-bad8-c7d1ed464dd3	0b4f521d-947f-4dc2-ad0d-509fb5664d46	0
7e9ddbf8-a0ca-4e22-95ea-2bc788114f44	736a3a00-4083-44fa-b3d0-85fce30723c9	0
2c442501-c161-408d-9f4b-8e420cd1d195	11aec272-a910-4f2a-a7b8-b165e26d916c	0
e8415296-3bda-4f35-9edb-1276dbe9cff2	736a3a00-4083-44fa-b3d0-85fce30723c9	0
2908b5b4-16d6-404d-a323-fddb974f6687	cdb4ce54-9877-4c01-b3bd-3a0dcaac72f9	0
14f16761-38fc-4f22-a892-11c5d684217b	56ce23f0-25b8-404f-a1a0-b63cee6d7839	0
1f62d0b5-44c0-4ed4-b43a-52ddfca9a4e1	a4a3cfbe-c724-4639-bb33-3458ac4a2ecd	0
256db687-9a25-4746-b2e1-d35a2fed7e2d	60e0bff5-3903-41b4-a723-e25dcd81d1b2	0
3150f41c-ae55-4487-8672-ac4b01b39d80	cdb4ce54-9877-4c01-b3bd-3a0dcaac72f9	0
c20910b6-c58a-4c90-90c6-25ba37c10b6c	11aec272-a910-4f2a-a7b8-b165e26d916c	0
3e5636d4-4772-44cd-abae-a7c26d7427d3	60e0bff5-3903-41b4-a723-e25dcd81d1b2	0
b4dc4006-b360-4841-8ad6-74baeb048e8f	cdb4ce54-9877-4c01-b3bd-3a0dcaac72f9	0
e98fd773-968c-45fa-b4cc-025438578ceb	be7acfc2-6cdf-4132-87bb-98f2d7e946e1	0
41ab1d3e-7411-473a-8004-b88685c2482a	f7b84b26-d8e4-4e5c-858c-745de5fe2528	0
7c21bc39-d594-43e6-805d-668307bdbeef	56ce23f0-25b8-404f-a1a0-b63cee6d7839	0
1995a7f5-9641-41a5-a520-77168d67bc52	f7b84b26-d8e4-4e5c-858c-745de5fe2528	0
9147ece3-c68e-4581-b98d-52e01db1fc2a	0b4f521d-947f-4dc2-ad0d-509fb5664d46	0
75d8a3b6-682f-4ca9-895b-b2c8972fe1aa	a4a3cfbe-c724-4639-bb33-3458ac4a2ecd	0
36f6d484-2184-45e7-86df-0ad8ec3a6e54	a4a3cfbe-c724-4639-bb33-3458ac4a2ecd	0
f7625222-87f6-4a22-a2c5-7e4c4ad20a2c	f7b84b26-d8e4-4e5c-858c-745de5fe2528	0
bf0aee0a-f154-40b5-8e53-c9849175d969	be7acfc2-6cdf-4132-87bb-98f2d7e946e1	0
5d29e4ca-043a-4efb-b6fb-24140a99d9a8	cdb4ce54-9877-4c01-b3bd-3a0dcaac72f9	0
7a7bd270-76ae-4024-a87e-5d556e0e3261	0b4f521d-947f-4dc2-ad0d-509fb5664d46	0
85f8df5b-e52b-4b7f-9340-5d53275b8bed	f7b84b26-d8e4-4e5c-858c-745de5fe2528	0
97edbc91-8457-4259-b0db-dfacc00d98b6	f7b84b26-d8e4-4e5c-858c-745de5fe2528	0
e39a8053-fee2-438f-ac01-3b587869097a	a971b549-8124-494c-874c-094ed535ba45	0
7fca6c4e-c9c9-4c0e-8b82-ae8e9024a34c	843d5ff3-7be2-402c-aee1-860408c03258	0
f8ba686c-05cc-44ed-8313-4ee6670b2d7c	be7acfc2-6cdf-4132-87bb-98f2d7e946e1	0
34c781b4-44d1-4814-a472-54329904a9f9	0b4f521d-947f-4dc2-ad0d-509fb5664d46	0
bf0aee0a-f154-40b5-8e53-c9849175d969	60e0bff5-3903-41b4-a723-e25dcd81d1b2	0
9a784fd3-a430-4bbb-9603-0883fae0befa	0b4f521d-947f-4dc2-ad0d-509fb5664d46	0
8310dddf-e5b0-4cf1-a488-6b22498d4096	0b4f521d-947f-4dc2-ad0d-509fb5664d46	0
4e485001-60d3-46b3-883f-0fd82d2ea654	f7b84b26-d8e4-4e5c-858c-745de5fe2528	0
3f441554-37f5-4794-9bc4-81e05e0e5718	a971b549-8124-494c-874c-094ed535ba45	0
4c86e3a0-3b40-4fbe-9cfd-5df9b7b6e8ec	be7acfc2-6cdf-4132-87bb-98f2d7e946e1	0
4f5d3852-2b83-4b76-835e-cb85249fc9bf	a971b549-8124-494c-874c-094ed535ba45	0
da9d8154-371a-4ebb-9d8c-70410662139e	676e7545-c401-4c10-ae8e-f08c9b83e507	0
d39328c6-a9a3-4b78-b0a3-d6a3fc4f6778	f7b84b26-d8e4-4e5c-858c-745de5fe2528	0
2ec6862e-cd4c-45ed-8e21-0014e6640b8f	f7b84b26-d8e4-4e5c-858c-745de5fe2528	0
7bbe93be-9724-4f3a-8ace-5a31d8e25fea	a971b549-8124-494c-874c-094ed535ba45	0
db60ba66-5882-4ddb-82ed-082547450707	0b4f521d-947f-4dc2-ad0d-509fb5664d46	0
fb30d7d1-03b6-4b6c-870b-1e5a6211be3e	736a3a00-4083-44fa-b3d0-85fce30723c9	0
58456ab4-e5e7-45ce-854b-713411a99d3d	0b4f521d-947f-4dc2-ad0d-509fb5664d46	0
f1667dd7-f74a-4bc9-9201-3b03f227cca0	cdb4ce54-9877-4c01-b3bd-3a0dcaac72f9	0
2d4f8f65-c6c3-4ba6-a359-7f2b89b2b30e	cdb4ce54-9877-4c01-b3bd-3a0dcaac72f9	0
7b8155c7-1348-4330-a929-96773c1b5a7c	676e7545-c401-4c10-ae8e-f08c9b83e507	0
222faf1a-3062-4542-a3ca-d8e4c8698b2d	f7b84b26-d8e4-4e5c-858c-745de5fe2528	0
d6f454e8-e80f-43de-898a-104b7564747d	11aec272-a910-4f2a-a7b8-b165e26d916c	0
1502dd91-d4b5-4f45-b21c-eaa8f4d35143	a971b549-8124-494c-874c-094ed535ba45	0
adf0facd-eb23-4ca7-ba73-ed3416ae7567	11aec272-a910-4f2a-a7b8-b165e26d916c	0
9392f93b-991c-4c02-a60c-5f412eab6a94	11aec272-a910-4f2a-a7b8-b165e26d916c	0
999805e0-42f9-41fe-b72b-5a43cf04de6c	f7b84b26-d8e4-4e5c-858c-745de5fe2528	0
4e52afa7-86e7-4d8d-999a-ade53a03c579	be7acfc2-6cdf-4132-87bb-98f2d7e946e1	0
6b1da8ce-a7dd-4bdd-8516-6b37b10a49ec	f7b84b26-d8e4-4e5c-858c-745de5fe2528	0
22d93316-2b74-4bd0-8ca6-6c0ff47c33d5	cdb4ce54-9877-4c01-b3bd-3a0dcaac72f9	0
8135dc44-01c8-4afb-9d33-cf8747ded15e	cdb4ce54-9877-4c01-b3bd-3a0dcaac72f9	0
f7625222-87f6-4a22-a2c5-7e4c4ad20a2c	0b4f521d-947f-4dc2-ad0d-509fb5664d46	0
9147ece3-c68e-4581-b98d-52e01db1fc2a	56ce23f0-25b8-404f-a1a0-b63cee6d7839	0
07a83e6f-b42e-450b-9bc1-f8911b5cfc78	56ce23f0-25b8-404f-a1a0-b63cee6d7839	0
dfdd3975-b37e-4f76-81c9-b7d10ecdfffd	f7b84b26-d8e4-4e5c-858c-745de5fe2528	0
b2bc7f01-8937-4163-9f3e-63c587fc273a	cdb4ce54-9877-4c01-b3bd-3a0dcaac72f9	0
92e67036-d504-4133-8a6b-138b1c4d2ea8	60e0bff5-3903-41b4-a723-e25dcd81d1b2	0
102cc715-cf69-4cef-bbe0-d2b434a0c866	676e7545-c401-4c10-ae8e-f08c9b83e507	0
6eb18f86-61c0-4556-b185-1a7058ea616d	a971b549-8124-494c-874c-094ed535ba45	0
50982f9f-d080-48b3-8697-f6ee4c814307	676e7545-c401-4c10-ae8e-f08c9b83e507	0
c634752b-c22d-4367-96ed-ab3a2085ffb8	736a3a00-4083-44fa-b3d0-85fce30723c9	0
8a558f28-529e-4110-a841-25ce278f759c	0b4f521d-947f-4dc2-ad0d-509fb5664d46	0
f9942f4a-cd1d-4d80-9cc0-13bec9f79c46	736a3a00-4083-44fa-b3d0-85fce30723c9	0
4653be97-1170-4708-9451-dd72fdaab115	60e0bff5-3903-41b4-a723-e25dcd81d1b2	0
0a84100b-e79c-41f8-a48b-8b9b112ddd66	cdb4ce54-9877-4c01-b3bd-3a0dcaac72f9	0
63cc30aa-4047-4a68-a2fe-3cee04fc9cca	f7b84b26-d8e4-4e5c-858c-745de5fe2528	0
1262d2a7-ed19-4d0e-a8f6-dd8a0a1ea3ea	a4a3cfbe-c724-4639-bb33-3458ac4a2ecd	0
3a933e8f-b4dd-4405-a205-fe96df09a126	843d5ff3-7be2-402c-aee1-860408c03258	0
645da4b1-d122-4399-8ba0-3694e92c9551	be7acfc2-6cdf-4132-87bb-98f2d7e946e1	0
4a38f801-7f1c-4910-85b9-a6de74e2252b	0b4f521d-947f-4dc2-ad0d-509fb5664d46	0
972e3e04-1129-48f0-b94a-7e874397b6db	a971b549-8124-494c-874c-094ed535ba45	0
b67ae858-940e-4ca3-9b70-d03273373107	843d5ff3-7be2-402c-aee1-860408c03258	0
71226e16-5b00-431f-8d75-1b2ee4c23381	cdb4ce54-9877-4c01-b3bd-3a0dcaac72f9	0
e33f686f-a3b0-41bd-97e2-253b7fbb8917	736a3a00-4083-44fa-b3d0-85fce30723c9	0
67e71681-e2c5-42b8-8247-8872063f3570	a4a3cfbe-c724-4639-bb33-3458ac4a2ecd	0
c41f33b9-4999-4cf7-bc79-a69dc4d59249	60e0bff5-3903-41b4-a723-e25dcd81d1b2	0
4918d5d9-dc73-459f-a873-ff3a1ed3e1e2	60e0bff5-3903-41b4-a723-e25dcd81d1b2	0
0ae47c78-0f51-4559-8169-4f968aea0ffe	f7b84b26-d8e4-4e5c-858c-745de5fe2528	0
451a3469-d5ef-4910-a352-fca2a7c5efaf	cdb4ce54-9877-4c01-b3bd-3a0dcaac72f9	0
1d69b558-de55-4d80-9bc3-73f199a03398	676e7545-c401-4c10-ae8e-f08c9b83e507	0
716fdb9f-4a47-4872-a3c3-df61183bfd86	f7b84b26-d8e4-4e5c-858c-745de5fe2528	0
e1c83830-7152-4e9d-8137-b16ad3da1f47	a971b549-8124-494c-874c-094ed535ba45	0
f8ba686c-05cc-44ed-8313-4ee6670b2d7c	676e7545-c401-4c10-ae8e-f08c9b83e507	0
538fb9a4-9810-413d-b965-7ce180d34ec1	f7b84b26-d8e4-4e5c-858c-745de5fe2528	0
26d41dd8-7bdb-4d4c-a476-fd43b4f3c3bd	736a3a00-4083-44fa-b3d0-85fce30723c9	0
a0261e18-aee0-4873-941d-41c610da7dea	be7acfc2-6cdf-4132-87bb-98f2d7e946e1	0
32e805f8-ac61-4dd9-9d06-5653db360241	f7b84b26-d8e4-4e5c-858c-745de5fe2528	0
903286f6-6014-47cc-a7f2-11c487e6d1b1	a4a3cfbe-c724-4639-bb33-3458ac4a2ecd	0
d7949b66-37be-4018-ae7e-d3511a5a52cd	60e0bff5-3903-41b4-a723-e25dcd81d1b2	0
60d47e8c-8241-4ae2-8465-c27c8763b49f	be7acfc2-6cdf-4132-87bb-98f2d7e946e1	0
a19782cd-8c08-4972-af4e-a51189b9bb92	f7b84b26-d8e4-4e5c-858c-745de5fe2528	0
7e96098f-26fd-40f6-83d3-58209027f6fa	f7b84b26-d8e4-4e5c-858c-745de5fe2528	0
a97a9d6d-28f6-40c0-aa03-7aeffe2c1a9d	f7b84b26-d8e4-4e5c-858c-745de5fe2528	0
2e4d0292-46a3-4766-afe8-c6997a16cc27	cdb4ce54-9877-4c01-b3bd-3a0dcaac72f9	0
92ec8159-5a67-47ce-86f5-d7e5e3074f5b	736a3a00-4083-44fa-b3d0-85fce30723c9	0
ce5061e2-0c6e-4895-ae33-0d41eec7dfa5	676e7545-c401-4c10-ae8e-f08c9b83e507	0
639e9404-69d3-492d-aa55-e88033faabd9	f7b84b26-d8e4-4e5c-858c-745de5fe2528	0
7c8fd64f-785b-437a-bab9-b0f56edccae5	be7acfc2-6cdf-4132-87bb-98f2d7e946e1	0
94b3013d-a58f-408b-8a3f-b85367363022	f7b84b26-d8e4-4e5c-858c-745de5fe2528	0
65d9a6f3-ec93-408a-835a-2bedab9809d9	11aec272-a910-4f2a-a7b8-b165e26d916c	0
35c045a7-5d46-461e-8d04-487be3cab77b	a4a3cfbe-c724-4639-bb33-3458ac4a2ecd	0
db60ba66-5882-4ddb-82ed-082547450707	f7b84b26-d8e4-4e5c-858c-745de5fe2528	0
f9619bae-625d-4b5b-ab6f-81bf55aaa34e	cdb4ce54-9877-4c01-b3bd-3a0dcaac72f9	0
4c86e3a0-3b40-4fbe-9cfd-5df9b7b6e8ec	60e0bff5-3903-41b4-a723-e25dcd81d1b2	0
fc9ccedc-bf41-4b5f-979d-51de4b31eb3e	cdb4ce54-9877-4c01-b3bd-3a0dcaac72f9	0
16907d3b-ec74-4fce-a5bc-7cc050c72bfe	f7b84b26-d8e4-4e5c-858c-745de5fe2528	0
1d1857ea-cada-451e-84cd-496d02da47f2	0b4f521d-947f-4dc2-ad0d-509fb5664d46	0
43d34678-10e0-4a2c-be2c-e2a309a9c23b	11aec272-a910-4f2a-a7b8-b165e26d916c	0
14f16761-38fc-4f22-a892-11c5d684217b	a4a3cfbe-c724-4639-bb33-3458ac4a2ecd	0
2aa82594-4785-4294-ae3d-a97f91434b33	736a3a00-4083-44fa-b3d0-85fce30723c9	0
92eec397-684a-4efb-9335-9374c8dec5f1	f7b84b26-d8e4-4e5c-858c-745de5fe2528	0
35a72f4a-8265-407a-8600-9501c2843933	11aec272-a910-4f2a-a7b8-b165e26d916c	0
9c0ddc76-5540-44b8-adfe-ff3a4760f694	676e7545-c401-4c10-ae8e-f08c9b83e507	0
dba1b4af-580e-4581-82d5-ebbcf59f9571	676e7545-c401-4c10-ae8e-f08c9b83e507	0
e49a2f3d-b57b-4526-b580-133334dcf19d	f7b84b26-d8e4-4e5c-858c-745de5fe2528	0
a2745c74-ac8a-4460-81ae-c2fa61ca88cb	736a3a00-4083-44fa-b3d0-85fce30723c9	0
9a784fd3-a430-4bbb-9603-0883fae0befa	56ce23f0-25b8-404f-a1a0-b63cee6d7839	0
d5616201-4945-448b-b413-cff9ddaeadd8	676e7545-c401-4c10-ae8e-f08c9b83e507	0
d576c709-3cbd-4d69-9c40-bd7ec4e69c63	736a3a00-4083-44fa-b3d0-85fce30723c9	0
7c8fd64f-785b-437a-bab9-b0f56edccae5	843d5ff3-7be2-402c-aee1-860408c03258	0
77676204-1770-475c-b563-cdac9ec5c5b6	a4a3cfbe-c724-4639-bb33-3458ac4a2ecd	0
3a933e8f-b4dd-4405-a205-fe96df09a126	11aec272-a910-4f2a-a7b8-b165e26d916c	0
0ed583b8-843e-4ef7-834f-ecb2ea027abe	f7b84b26-d8e4-4e5c-858c-745de5fe2528	0
8310dddf-e5b0-4cf1-a488-6b22498d4096	56ce23f0-25b8-404f-a1a0-b63cee6d7839	0
9b3d91e4-3891-4b69-aa74-21865209756d	cdb4ce54-9877-4c01-b3bd-3a0dcaac72f9	0
f7d11616-a8a6-4d7e-af29-cbcae46aaf07	f7b84b26-d8e4-4e5c-858c-745de5fe2528	0
a0261e18-aee0-4873-941d-41c610da7dea	60e0bff5-3903-41b4-a723-e25dcd81d1b2	0
2258128b-94bd-452c-8a67-f054da844ed0	f7b84b26-d8e4-4e5c-858c-745de5fe2528	0
026e3fc3-e1bf-485f-9818-07a1ad896365	f7b84b26-d8e4-4e5c-858c-745de5fe2528	0
a66e8090-d3e8-48c7-b0fa-1f033fd3afef	a4a3cfbe-c724-4639-bb33-3458ac4a2ecd	0
1baf32fe-a67b-4693-bc99-1a54175dd179	f7b84b26-d8e4-4e5c-858c-745de5fe2528	0
16907d3b-ec74-4fce-a5bc-7cc050c72bfe	60e0bff5-3903-41b4-a723-e25dcd81d1b2	0
b779632e-af31-405f-8b74-9fdb6489df01	a4a3cfbe-c724-4639-bb33-3458ac4a2ecd	0
f8ba686c-05cc-44ed-8313-4ee6670b2d7c	843d5ff3-7be2-402c-aee1-860408c03258	0
6b1da8ce-a7dd-4bdd-8516-6b37b10a49ec	cdb4ce54-9877-4c01-b3bd-3a0dcaac72f9	0
35c045a7-5d46-461e-8d04-487be3cab77b	56ce23f0-25b8-404f-a1a0-b63cee6d7839	0
2c3df834-6e38-4390-9f56-d5ddf5b53f3b	a4a3cfbe-c724-4639-bb33-3458ac4a2ecd	0
2ab82b64-baa3-4329-bc4a-d28a677ac8c7	60e0bff5-3903-41b4-a723-e25dcd81d1b2	0
2b099113-c420-4a47-a394-4ce3e9250687	be7acfc2-6cdf-4132-87bb-98f2d7e946e1	0
026e3fc3-e1bf-485f-9818-07a1ad896365	a4a3cfbe-c724-4639-bb33-3458ac4a2ecd	0
14f16761-38fc-4f22-a892-11c5d684217b	cdb4ce54-9877-4c01-b3bd-3a0dcaac72f9	0
cf9c105d-c568-401e-9433-ebcd29c0fecd	676e7545-c401-4c10-ae8e-f08c9b83e507	0
c2ef42d9-93ad-4ae8-ad5b-1095b19568a4	0b4f521d-947f-4dc2-ad0d-509fb5664d46	0
1556fed4-faa0-45af-a4ae-667751219deb	a971b549-8124-494c-874c-094ed535ba45	0
d675d2c4-613e-4884-a179-bca15dc39dfa	f7b84b26-d8e4-4e5c-858c-745de5fe2528	0
84b00ae5-d66c-4644-b9ee-882473c3b314	11aec272-a910-4f2a-a7b8-b165e26d916c	0
8023e2c6-62c6-4ea8-85ec-33fc0a96d8e6	cdb4ce54-9877-4c01-b3bd-3a0dcaac72f9	0
4a38f801-7f1c-4910-85b9-a6de74e2252b	56ce23f0-25b8-404f-a1a0-b63cee6d7839	0
3e5636d4-4772-44cd-abae-a7c26d7427d3	a4a3cfbe-c724-4639-bb33-3458ac4a2ecd	0
31140290-b4a5-4518-8c5f-019ebe91d179	cdb4ce54-9877-4c01-b3bd-3a0dcaac72f9	0
a47da986-9070-4879-b659-c075adee77fd	60e0bff5-3903-41b4-a723-e25dcd81d1b2	0
9b32c044-0f3c-4642-b36b-8fd99440e159	cdb4ce54-9877-4c01-b3bd-3a0dcaac72f9	0
7fca6c4e-c9c9-4c0e-8b82-ae8e9024a34c	676e7545-c401-4c10-ae8e-f08c9b83e507	0
7c360863-ea97-4900-98f2-20d1526abb35	cdb4ce54-9877-4c01-b3bd-3a0dcaac72f9	0
3ec60275-7cc2-4936-afa5-34f046612aeb	56ce23f0-25b8-404f-a1a0-b63cee6d7839	0
2c486cc5-44a8-4cb0-9e50-b8777b4b88fc	cdb4ce54-9877-4c01-b3bd-3a0dcaac72f9	0
6e08e6a3-af67-4910-8a8b-a7da399eea71	a4a3cfbe-c724-4639-bb33-3458ac4a2ecd	0
021a1109-ec82-444c-b8fc-c7c050a188c3	60e0bff5-3903-41b4-a723-e25dcd81d1b2	0
b24ad01c-0e5c-4772-89c8-9003dd2a03cd	676e7545-c401-4c10-ae8e-f08c9b83e507	0
397e012a-5a2c-40b7-90dd-f0d0c01738a9	60e0bff5-3903-41b4-a723-e25dcd81d1b2	0
b67ae858-940e-4ca3-9b70-d03273373107	be7acfc2-6cdf-4132-87bb-98f2d7e946e1	0
b24ad01c-0e5c-4772-89c8-9003dd2a03cd	843d5ff3-7be2-402c-aee1-860408c03258	0
9ac58829-faf4-46c4-bcda-2955c40c7b45	60e0bff5-3903-41b4-a723-e25dcd81d1b2	0
ceaccc9d-b4e5-49c0-aaae-b5f52e998b9f	736a3a00-4083-44fa-b3d0-85fce30723c9	0
34c781b4-44d1-4814-a472-54329904a9f9	56ce23f0-25b8-404f-a1a0-b63cee6d7839	0
cf1e3764-ccf2-4b08-bc6c-ce22ffd9e9f0	736a3a00-4083-44fa-b3d0-85fce30723c9	0
42193375-4999-4d9a-b7c8-9d2d41afeee5	a4a3cfbe-c724-4639-bb33-3458ac4a2ecd	0
6d1445d3-6880-484e-b880-f79543228915	736a3a00-4083-44fa-b3d0-85fce30723c9	0
2aa82594-4785-4294-ae3d-a97f91434b33	11aec272-a910-4f2a-a7b8-b165e26d916c	0
828d1648-be68-49a5-add6-7f830942d26a	60e0bff5-3903-41b4-a723-e25dcd81d1b2	0
4e485001-60d3-46b3-883f-0fd82d2ea654	a4a3cfbe-c724-4639-bb33-3458ac4a2ecd	0
3a933e8f-b4dd-4405-a205-fe96df09a126	676e7545-c401-4c10-ae8e-f08c9b83e507	0
50982f9f-d080-48b3-8697-f6ee4c814307	843d5ff3-7be2-402c-aee1-860408c03258	0
1564bb1d-7056-42ea-9fc4-275e17f8fc70	736a3a00-4083-44fa-b3d0-85fce30723c9	0
193579e4-8526-4e64-af6a-2f78727e0f48	cdb4ce54-9877-4c01-b3bd-3a0dcaac72f9	0
35a72f4a-8265-407a-8600-9501c2843933	843d5ff3-7be2-402c-aee1-860408c03258	0
ea12fe23-7452-4d83-bc3e-4dcbfcaffb1e	a4a3cfbe-c724-4639-bb33-3458ac4a2ecd	0
1abc1c29-b836-4cf1-8915-449fc5107b02	a4a3cfbe-c724-4639-bb33-3458ac4a2ecd	0
1e1599b5-ea40-4235-b17c-f5728ab9903e	843d5ff3-7be2-402c-aee1-860408c03258	0
2c170c1f-b445-487c-b674-b934457fd009	cdb4ce54-9877-4c01-b3bd-3a0dcaac72f9	0
65d9a6f3-ec93-408a-835a-2bedab9809d9	f7b84b26-d8e4-4e5c-858c-745de5fe2528	0
7a7bd270-76ae-4024-a87e-5d556e0e3261	f7b84b26-d8e4-4e5c-858c-745de5fe2528	0
1f39d4e6-d602-44d2-9a2c-fda61c97b6de	f7b84b26-d8e4-4e5c-858c-745de5fe2528	0
7b355f0c-c2db-468b-b727-a9fa816d093e	f7b84b26-d8e4-4e5c-858c-745de5fe2528	0
2a88f295-7b0c-4b67-b843-c387c4eb333f	11aec272-a910-4f2a-a7b8-b165e26d916c	0
1ac6bad5-f6a7-4e49-a0fe-5055ec095814	11aec272-a910-4f2a-a7b8-b165e26d916c	0
8a8bbdb8-6d79-4e14-a030-5c3b6af93e7d	f7b84b26-d8e4-4e5c-858c-745de5fe2528	0
c8db953a-227c-4d2b-ab51-72f0c2524db5	f7b84b26-d8e4-4e5c-858c-745de5fe2528	0
1ac6bad5-f6a7-4e49-a0fe-5055ec095814	f7b84b26-d8e4-4e5c-858c-745de5fe2528	0
ce5061e2-0c6e-4895-ae33-0d41eec7dfa5	0b4f521d-947f-4dc2-ad0d-509fb5664d46	0
7b3b4467-d7e1-4703-8a04-23b275fa6ac8	60e0bff5-3903-41b4-a723-e25dcd81d1b2	0
55ab753f-5995-454c-9b4a-9b8bfca921a2	cdb4ce54-9877-4c01-b3bd-3a0dcaac72f9	0
e23225b7-46f6-4e4b-a375-c8730e6408aa	736a3a00-4083-44fa-b3d0-85fce30723c9	0
9496f7ef-740f-4989-ba5b-131b817f1a06	f7b84b26-d8e4-4e5c-858c-745de5fe2528	0
9c0ddc76-5540-44b8-adfe-ff3a4760f694	843d5ff3-7be2-402c-aee1-860408c03258	0
31652bef-0ab3-4c2b-81a3-97aa363c55c6	60e0bff5-3903-41b4-a723-e25dcd81d1b2	0
55ab753f-5995-454c-9b4a-9b8bfca921a2	56ce23f0-25b8-404f-a1a0-b63cee6d7839	0
d5616201-4945-448b-b413-cff9ddaeadd8	11aec272-a910-4f2a-a7b8-b165e26d916c	0
284e6d25-0618-4a83-839b-6e8436b8c46e	60e0bff5-3903-41b4-a723-e25dcd81d1b2	0
466f762e-5dca-4e60-b90f-aa2c2cea83b7	60e0bff5-3903-41b4-a723-e25dcd81d1b2	0
a47da986-9070-4879-b659-c075adee77fd	f7b84b26-d8e4-4e5c-858c-745de5fe2528	0
07a83e6f-b42e-450b-9bc1-f8911b5cfc78	cdb4ce54-9877-4c01-b3bd-3a0dcaac72f9	0
97edbc91-8457-4259-b0db-dfacc00d98b6	0b4f521d-947f-4dc2-ad0d-509fb5664d46	0
b98e69d1-31f6-4e94-91fa-1bf585f1cdc2	0b4f521d-947f-4dc2-ad0d-509fb5664d46	0
29fae957-c931-4fa4-88e5-dd045c5dc345	56ce23f0-25b8-404f-a1a0-b63cee6d7839	0
db26979b-03fb-4779-8792-6130b83f29b5	a4a3cfbe-c724-4639-bb33-3458ac4a2ecd	0
23216cd8-d9d2-49f1-9e6f-754084e8c1cb	0b4f521d-947f-4dc2-ad0d-509fb5664d46	0
fc9ccedc-bf41-4b5f-979d-51de4b31eb3e	56ce23f0-25b8-404f-a1a0-b63cee6d7839	0
c5b904fc-ceb5-46ff-8b9b-c9ec83e6eb24	736a3a00-4083-44fa-b3d0-85fce30723c9	0
e879173a-770b-425a-9c3e-1175384d18e5	cdb4ce54-9877-4c01-b3bd-3a0dcaac72f9	0
4703362c-c41c-46f8-aecf-da62fdce2459	676e7545-c401-4c10-ae8e-f08c9b83e507	0
4e52afa7-86e7-4d8d-999a-ade53a03c579	f7b84b26-d8e4-4e5c-858c-745de5fe2528	0
3264006c-06dc-40cc-b111-f7fd8136cfcc	be7acfc2-6cdf-4132-87bb-98f2d7e946e1	0
538fb9a4-9810-413d-b965-7ce180d34ec1	0b4f521d-947f-4dc2-ad0d-509fb5664d46	0
27306fb9-f0b7-4927-a63d-835d384690e0	a971b549-8124-494c-874c-094ed535ba45	0
7b43c1b3-f391-468a-878d-4347270d7697	f7b84b26-d8e4-4e5c-858c-745de5fe2528	0
740bba27-b6b5-45c3-b4b4-212c2216cc32	0b4f521d-947f-4dc2-ad0d-509fb5664d46	0
762c5d37-ac5d-49a5-bb5f-6e1dcd596ff6	11aec272-a910-4f2a-a7b8-b165e26d916c	0
c3b3f58a-00bf-4990-8290-45d49c80e1ec	a971b549-8124-494c-874c-094ed535ba45	0
441f8feb-dee7-4b62-a2bb-afcc38f19214	0b4f521d-947f-4dc2-ad0d-509fb5664d46	0
b814c914-1710-4e92-8897-1d24ae2baafc	f7b84b26-d8e4-4e5c-858c-745de5fe2528	0
8073293b-60da-48dd-9a1a-73905353ce50	f7b84b26-d8e4-4e5c-858c-745de5fe2528	0
3beb058c-e98f-441e-a00a-ceff65a74cc7	736a3a00-4083-44fa-b3d0-85fce30723c9	0
92005fe0-da70-4509-a0bc-55a54f8203f7	cdb4ce54-9877-4c01-b3bd-3a0dcaac72f9	0
7b43c1b3-f391-468a-878d-4347270d7697	60e0bff5-3903-41b4-a723-e25dcd81d1b2	0
1341bd03-c1dd-4e94-a787-ea3cfa914624	cdb4ce54-9877-4c01-b3bd-3a0dcaac72f9	0
e432fb58-2559-49e7-85d3-0d199fb7173c	736a3a00-4083-44fa-b3d0-85fce30723c9	0
e8604577-050f-4cc1-90b3-f58422f6ef6c	cdb4ce54-9877-4c01-b3bd-3a0dcaac72f9	0
eeed559d-5ac9-4d99-8a2c-574bdf0e13cf	f7b84b26-d8e4-4e5c-858c-745de5fe2528	0
ab8caedd-8094-4730-8d28-b03b6731a89a	0b4f521d-947f-4dc2-ad0d-509fb5664d46	0
edefa035-3e26-485e-b479-a66519544aa9	676e7545-c401-4c10-ae8e-f08c9b83e507	0
ca15e7f6-570c-48a7-baa0-106514f167ef	f7b84b26-d8e4-4e5c-858c-745de5fe2528	0
5f7b1418-5c52-403d-baf0-84debd1ef5bf	676e7545-c401-4c10-ae8e-f08c9b83e507	0
772ffbe6-bdcf-43fc-9b8f-54c93cf5eedc	60e0bff5-3903-41b4-a723-e25dcd81d1b2	0
55ab753f-5995-454c-9b4a-9b8bfca921a2	a4a3cfbe-c724-4639-bb33-3458ac4a2ecd	0
9b32c044-0f3c-4642-b36b-8fd99440e159	56ce23f0-25b8-404f-a1a0-b63cee6d7839	0
31140290-b4a5-4518-8c5f-019ebe91d179	a4a3cfbe-c724-4639-bb33-3458ac4a2ecd	0
2e10f44e-d095-43f4-b334-9c23cee67d67	cdb4ce54-9877-4c01-b3bd-3a0dcaac72f9	0
29aaa816-e100-4941-a6b8-15dea8912965	f7b84b26-d8e4-4e5c-858c-745de5fe2528	0
7b43c1b3-f391-468a-878d-4347270d7697	a4a3cfbe-c724-4639-bb33-3458ac4a2ecd	0
f63002d3-617e-449a-8720-141b14d63850	0b4f521d-947f-4dc2-ad0d-509fb5664d46	0
253d5d3c-fd20-417d-a2f4-3bf38b32314e	f7b84b26-d8e4-4e5c-858c-745de5fe2528	0
222faf1a-3062-4542-a3ca-d8e4c8698b2d	60e0bff5-3903-41b4-a723-e25dcd81d1b2	0
13dfc6c9-7161-4e6a-8d26-d42e610bb931	56ce23f0-25b8-404f-a1a0-b63cee6d7839	0
b67ae858-940e-4ca3-9b70-d03273373107	676e7545-c401-4c10-ae8e-f08c9b83e507	0
8a6e77bb-9600-48f0-b7e8-f08df9bd3d9c	f7b84b26-d8e4-4e5c-858c-745de5fe2528	0
e8604577-050f-4cc1-90b3-f58422f6ef6c	a4a3cfbe-c724-4639-bb33-3458ac4a2ecd	0
936c51e6-a42d-4a92-abc3-a6e432c06900	cdb4ce54-9877-4c01-b3bd-3a0dcaac72f9	0
2c486cc5-44a8-4cb0-9e50-b8777b4b88fc	a4a3cfbe-c724-4639-bb33-3458ac4a2ecd	0
02047f8d-8122-47ad-91d8-75362a9288f0	f7b84b26-d8e4-4e5c-858c-745de5fe2528	0
026e3fc3-e1bf-485f-9818-07a1ad896365	cdb4ce54-9877-4c01-b3bd-3a0dcaac72f9	0
b0b2c4ac-d8f0-47cf-88fc-8f2377daf41e	f7b84b26-d8e4-4e5c-858c-745de5fe2528	0
2d617b78-64a6-4f58-8bd5-fed69cd91e63	676e7545-c401-4c10-ae8e-f08c9b83e507	0
e9cc015e-eebd-44c0-b1e1-e69c979a61d5	f7b84b26-d8e4-4e5c-858c-745de5fe2528	0
a66a9c13-f9d9-4de9-b0a2-c014d17a0c33	0b4f521d-947f-4dc2-ad0d-509fb5664d46	0
29fae957-c931-4fa4-88e5-dd045c5dc345	0b4f521d-947f-4dc2-ad0d-509fb5664d46	0
0485abe5-cbe0-4632-ab61-6ac50bc4ddd0	60e0bff5-3903-41b4-a723-e25dcd81d1b2	0
2ac7a4ea-5e40-458a-bf6f-f0f496d12c86	a971b549-8124-494c-874c-094ed535ba45	0
eeed559d-5ac9-4d99-8a2c-574bdf0e13cf	843d5ff3-7be2-402c-aee1-860408c03258	0
4e488193-836d-4535-99d7-2ee9a718cad3	f7b84b26-d8e4-4e5c-858c-745de5fe2528	0
7c8fd64f-785b-437a-bab9-b0f56edccae5	676e7545-c401-4c10-ae8e-f08c9b83e507	0
092ea664-0423-4c43-bc95-28917d512ecc	cdb4ce54-9877-4c01-b3bd-3a0dcaac72f9	0
9b32c044-0f3c-4642-b36b-8fd99440e159	a4a3cfbe-c724-4639-bb33-3458ac4a2ecd	0
3acced01-420f-4a22-bb55-b8a8a94d19ee	cdb4ce54-9877-4c01-b3bd-3a0dcaac72f9	0
343fd537-1a42-4718-91ee-1f98f6cf8231	60e0bff5-3903-41b4-a723-e25dcd81d1b2	0
d5616201-4945-448b-b413-cff9ddaeadd8	843d5ff3-7be2-402c-aee1-860408c03258	0
828d1648-be68-49a5-add6-7f830942d26a	f7b84b26-d8e4-4e5c-858c-745de5fe2528	0
dc9bfec5-4262-48b9-80cf-54bd5ac7e9f4	843d5ff3-7be2-402c-aee1-860408c03258	0
dd032610-6fd8-4345-a59e-07817d6f2ed8	0b4f521d-947f-4dc2-ad0d-509fb5664d46	0
3e5636d4-4772-44cd-abae-a7c26d7427d3	f7b84b26-d8e4-4e5c-858c-745de5fe2528	0
95855c76-f563-482f-8c67-d4b5f636229d	736a3a00-4083-44fa-b3d0-85fce30723c9	0
35a72f4a-8265-407a-8600-9501c2843933	676e7545-c401-4c10-ae8e-f08c9b83e507	0
a8594fe9-e7b4-46ec-8e6a-3d36e32f4728	736a3a00-4083-44fa-b3d0-85fce30723c9	0
31652bef-0ab3-4c2b-81a3-97aa363c55c6	f7b84b26-d8e4-4e5c-858c-745de5fe2528	0
d39328c6-a9a3-4b78-b0a3-d6a3fc4f6778	60e0bff5-3903-41b4-a723-e25dcd81d1b2	0
92933d7e-4110-4760-9392-00905436a6ab	a4a3cfbe-c724-4639-bb33-3458ac4a2ecd	0
466f762e-5dca-4e60-b90f-aa2c2cea83b7	a4a3cfbe-c724-4639-bb33-3458ac4a2ecd	0
1f62d0b5-44c0-4ed4-b43a-52ddfca9a4e1	cdb4ce54-9877-4c01-b3bd-3a0dcaac72f9	0
fe788c9d-1b4e-45fa-8e59-c0b4f04e8cb7	f7b84b26-d8e4-4e5c-858c-745de5fe2528	0
f4ab91c5-2091-415d-a5fc-7e3b1a7fafcb	f7b84b26-d8e4-4e5c-858c-745de5fe2528	0
8a8bbdb8-6d79-4e14-a030-5c3b6af93e7d	60e0bff5-3903-41b4-a723-e25dcd81d1b2	0
a7130ae9-2fcd-4e09-9dc8-03d59bcabd8e	f7b84b26-d8e4-4e5c-858c-745de5fe2528	0
e49a2f3d-b57b-4526-b580-133334dcf19d	a4a3cfbe-c724-4639-bb33-3458ac4a2ecd	0
119fdef4-1482-4a28-b43b-38955f764948	60e0bff5-3903-41b4-a723-e25dcd81d1b2	0
df788bfb-f667-4cfd-af69-7c7a1cddeabf	a4a3cfbe-c724-4639-bb33-3458ac4a2ecd	0
68fcd4e6-732c-431a-9b58-b5f09841511c	cdb4ce54-9877-4c01-b3bd-3a0dcaac72f9	0
4e485001-60d3-46b3-883f-0fd82d2ea654	60e0bff5-3903-41b4-a723-e25dcd81d1b2	0
a7c4aca8-6ecd-4bf5-919e-9435a0df75dc	be7acfc2-6cdf-4132-87bb-98f2d7e946e1	0
53ab750d-69d5-4671-af79-0093897cf406	cdb4ce54-9877-4c01-b3bd-3a0dcaac72f9	0
3a4e67c6-d59c-4a2f-84a2-e25ddb98ea3e	f7b84b26-d8e4-4e5c-858c-745de5fe2528	0
75d8a3b6-682f-4ca9-895b-b2c8972fe1aa	60e0bff5-3903-41b4-a723-e25dcd81d1b2	0
e49a2f3d-b57b-4526-b580-133334dcf19d	60e0bff5-3903-41b4-a723-e25dcd81d1b2	0
2c3df834-6e38-4390-9f56-d5ddf5b53f3b	cdb4ce54-9877-4c01-b3bd-3a0dcaac72f9	0
b93c8f99-7269-4467-a51f-73df3f21664b	11aec272-a910-4f2a-a7b8-b165e26d916c	0
1e1599b5-ea40-4235-b17c-f5728ab9903e	11aec272-a910-4f2a-a7b8-b165e26d916c	0
51f43576-ba18-4e8d-8a2b-7b505bbae417	0b4f521d-947f-4dc2-ad0d-509fb5664d46	0
52d993e1-a490-4dad-870a-85e6d68f96aa	60e0bff5-3903-41b4-a723-e25dcd81d1b2	0
